db_id,sevM_id,LevScore,db,sevMil,label
dbpedia_1017,7.1m_151,1.0,the coca-cola company,the coca-cola company,True
dbpedia_5227,7.1m_769,1.0,suncor energy,suncor energy,True
dbpedia_6200,7.1m_105,1.0,roche,roche,True
dbpedia_124,7.1m_114,1.0,halliburton,halliburton,True
dbpedia_2698,7.1m_1595,1.0,eastman chemical company,eastman chemical company,True
dbpedia_6690,7.1m_469,1.0,charter communications,charter communications,True
dbpedia_3266,7.1m_87,1.0,bnp paribas,bnp paribas,True
dbpedia_3411,7.1m_46,1.0,pfizer,pfizer,True
dbpedia_5993,7.1m_772,1.0,c&a,c&a,True
dbpedia_4862,7.1m_121,1.0,banco santander,banco santander,True
dbpedia_5046,7.1m_550,1.0,telus,telus,True
dbpedia_2600,7.1m_1939,1.0,equifax,equifax,True
dbpedia_4581,7.1m_421,1.0,syngenta,syngenta,True
dbpedia_2240,7.1m_1732,1.0,celestica,celestica,True
dbpedia_3778,7.1m_1182,1.0,mazars,mazars,True
dbpedia_1807,7.1m_53,1.0,honeywell,honeywell,True
dbpedia_4271,7.1m_109,1.0,thomson reuters,thomson reuters,True
dbpedia_4315,7.1m_1043,1.0,iheartmedia,iheartmedia,True
dbpedia_3849,7.1m_162,1.0,airbus,airbus,True
dbpedia_3490,7.1m_1139,1.0,bridgestone,bridgestone,True
dbpedia_1635,7.1m_765,1.0,correios,correios,True
dbpedia_2877,7.1m_344,1.0,british american tobacco,british american tobacco,True
dbpedia_6325,7.1m_1623,1.0,molina healthcare,molina healthcare,True
dbpedia_3287,7.1m_816,1.0,sandvik,sandvik,True
dbpedia_6127,7.1m_1022,1.0,bain & company,bain & company,True
dbpedia_2641,7.1m_255,1.0,qualcomm,qualcomm,True
dbpedia_2818,7.1m_60,1.0,starbucks,starbucks,True
dbpedia_5717,7.1m_1714,1.0,abm industries,abm industries,True
dbpedia_1175,7.1m_814,1.0,repsol,repsol,True
dbpedia_4886,7.1m_386,1.0,faurecia,faurecia,True
dbpedia_6849,7.1m_657,1.0,wns global services,wns global services,True
dbpedia_6576,7.1m_47,1.0,unilever,unilever,True
dbpedia_4865,7.1m_1060,1.0,bed bath & beyond,bed bath & beyond,True
dbpedia_3914,7.1m_848,1.0,saudi telecom company,saudi telecom company,True
dbpedia_4005,7.1m_306,1.0,philip morris international,philip morris international,True
dbpedia_3588,7.1m_1863,1.0,beiersdorf,beiersdorf,True
dbpedia_618,7.1m_719,1.0,infor,infor,True
dbpedia_314,7.1m_163,1.0,capital one,capital one,True
dbpedia_5669,7.1m_918,1.0,keybank,keybank,True
dbpedia_3269,7.1m_280,1.0,primerica,primerica,True
dbpedia_5713,7.1m_740,1.0,telefônica brasil,telefônica brasil,True
dbpedia_2682,7.1m_813,1.0,air canada,air canada,True
dbpedia_2042,7.1m_55,1.0,schlumberger,schlumberger,True
dbpedia_1133,7.1m_1828,1.0,princess cruises,princess cruises,True
dbpedia_5140,7.1m_1647,1.0,sfr,sfr,True
dbpedia_816,7.1m_966,1.0,swiss re,swiss re,True
dbpedia_3625,7.1m_471,1.0,jabil,jabil,True
dbpedia_5853,7.1m_1543,1.0,subsea 7,subsea 7,True
dbpedia_2762,7.1m_33,1.0,boeing,boeing,True
dbpedia_6105,7.1m_94,1.0,kpmg,kpmg,True
dbpedia_4328,7.1m_1526,1.0,ochsner health system,ochsner health system,True
dbpedia_416,7.1m_290,1.0,foxconn,foxconn,True
dbpedia_3401,7.1m_1303,1.0,lyondellbasell,lyondellbasell,True
dbpedia_5343,7.1m_1586,1.0,burberry,burberry,True
dbpedia_2806,7.1m_941,1.0,red hat,red hat,True
dbpedia_910,7.1m_808,1.0,netapp,netapp,True
dbpedia_6407,7.1m_1935,1.0,laing o'rourke,laing o'rourke,True
dbpedia_2827,7.1m_320,1.0,arcelormittal,arcelormittal,True
dbpedia_4800,7.1m_126,1.0,allstate,allstate,True
dbpedia_1544,7.1m_1415,1.0,panalpina,panalpina,True
dbpedia_4222,7.1m_1334,1.0,frieslandcampina,frieslandcampina,True
dbpedia_72,7.1m_68,1.0,schneider electric,schneider electric,True
dbpedia_2939,7.1m_1947,1.0,tenneco,tenneco,True
dbpedia_4424,7.1m_1457,1.0,metso,metso,True
dbpedia_4545,7.1m_1321,1.0,ahold,ahold,True
dbpedia_3410,7.1m_872,1.0,national bank of canada,national bank of canada,True
dbpedia_1346,7.1m_1174,1.0,assurant,assurant,True
dbpedia_5911,7.1m_224,1.0,hilton worldwide,hilton worldwide,True
dbpedia_3536,7.1m_751,1.0,kone,kone,True
dbpedia_5692,7.1m_1171,1.0,totvs,totvs,True
dbpedia_6005,7.1m_380,1.0,cardinal health,cardinal health,True
dbpedia_3281,7.1m_1736,1.0,safran aircraft engines,safran aircraft engines,True
dbpedia_3646,7.1m_1257,1.0,family dollar,family dollar,True
dbpedia_4796,7.1m_1507,1.0,american electric power,american electric power,True
dbpedia_718,7.1m_1405,1.0,albertsons,albertsons,True
dbpedia_4070,7.1m_244,1.0,valeo,valeo,True
dbpedia_5413,7.1m_375,1.0,texas instruments,texas instruments,True
dbpedia_987,7.1m_866,1.0,cox communications,cox communications,True
dbpedia_2713,7.1m_1049,1.0,el corte inglés,el corte inglés,True
dbpedia_1332,7.1m_1791,1.0,mutual of omaha,mutual of omaha,True
dbpedia_5371,7.1m_185,1.0,caterpillar inc.,caterpillar inc.,True
dbpedia_5050,7.1m_1438,1.0,televisa,televisa,True
dbpedia_5753,7.1m_144,1.0,astrazeneca,astrazeneca,True
dbpedia_6546,7.1m_1969,1.0,zoetis,zoetis,True
dbpedia_6600,7.1m_992,1.0,capita,capita,True
dbpedia_1568,7.1m_345,1.0,nordea,nordea,True
dbpedia_2082,7.1m_190,1.0,eli lilly and company,eli lilly and company,True
dbpedia_998,7.1m_196,1.0,kroger,kroger,True
dbpedia_2612,7.1m_985,1.0,alcoa,alcoa,True
dbpedia_311,7.1m_755,1.0,cemex,cemex,True
dbpedia_4114,7.1m_365,1.0,cigna,cigna,True
dbpedia_4559,7.1m_840,1.0,harris corporation,harris corporation,True
dbpedia_4016,7.1m_379,1.0,rabobank,rabobank,True
dbpedia_4267,7.1m_197,1.0,thermo fisher scientific,thermo fisher scientific,True
dbpedia_76,7.1m_122,1.0,scotiabank,scotiabank,True
dbpedia_2138,7.1m_1191,1.0,luxoft,luxoft,True
dbpedia_444,7.1m_1294,1.0,transocean,transocean,True
dbpedia_4415,7.1m_376,1.0,michelin,michelin,True
dbpedia_3452,7.1m_1039,1.0,fonterra,fonterra,True
dbpedia_700,7.1m_894,1.0,embraer,embraer,True
dbpedia_2741,7.1m_513,0.962962962962963,suntrust banks,suntrust bank,False
dbpedia_4877,7.1m_431,0.9375,sherwin-williams,sherwin williams,False
dbpedia_4585,7.1m_498,0.9230769230769231,bloomberg l.p.,bloomberg lp,False
dbpedia_1836,7.1m_360,0.9189189189189189,op financial group,bmo financial group,False
dbpedia_4919,7.1m_1824,0.9166666666666666,msc software,bmc software,False
dbpedia_4664,7.1m_490,0.9090909090909091,blair corporation,lear corporation,False
dbpedia_4210,7.1m_1642,0.8979591836734694,anhanguera educacional,anhanguera educacional s.a.,False
dbpedia_80,7.1m_360,0.8947368421052632,fbl financial group,bmo financial group,False
dbpedia_6769,7.1m_1325,0.8947368421052632,fbr capital markets,rbc capital markets,False
dbpedia_6719,7.1m_422,0.8888888888888888,kmg international,magna international,False
dbpedia_3688,7.1m_1033,0.8823529411764706,okuma corporation,kmart corporation,False
dbpedia_2548,7.1m_360,0.8780487804878049,mizuho financial group,bmo financial group,False
dbpedia_6537,7.1m_133,0.8780487804878049,standard chartered,standard chartered bank,False
dbpedia_190,7.1m_737,0.875,nbs bank,dbs bank,False
dbpedia_4517,7.1m_1196,0.875,s group,skf group,False
dbpedia_6448,7.1m_490,0.875,line corporation,lear corporation,False
dbpedia_2736,7.1m_268,0.875,urs corporation,fluor corporation,False
dbpedia_3355,7.1m_800,0.8666666666666667,ugi corporation,urs corporation,False
dbpedia_1965,7.1m_316,0.8666666666666667,amr corporation,ncr corporation,False
dbpedia_3080,7.1m_316,0.8666666666666667,mpc corporation,ncr corporation,False
dbpedia_4762,7.1m_734,0.8666666666666667,l3 technologies,ca technologies,False
dbpedia_2578,7.1m_800,0.8666666666666667,aes corporation,urs corporation,False
dbpedia_6179,7.1m_360,0.8648648648648649,ia financial group,bmo financial group,False
dbpedia_4015,7.1m_938,0.8648648648648649,rsm international,nerium international,False
dbpedia_6672,7.1m_1209,0.8636363636363636,rogers communications,frontier communications,False
dbpedia_2898,7.1m_507,0.8571428571428572,cogent communications,rogers communications,False
dbpedia_5107,7.1m_1250,0.8571428571428572,ayngaran international,harman international,False
dbpedia_668,7.1m_1699,0.8571428571428572,target corporation,sabre corporation,False
dbpedia_3654,7.1m_813,0.8571428571428572,mars canada,air canada,False
dbpedia_2440,7.1m_422,0.85,mantech international,magna international,False
dbpedia_466,7.1m_1393,0.85,"bath & body works, inc.",bath & body works,False
dbpedia_983,7.1m_316,0.8484848484848485,corvel corporation,ncr corporation,False
dbpedia_5373,7.1m_490,0.8484848484848485,cerus corporation,lear corporation,False
dbpedia_4559,7.1m_800,0.8484848484848485,harris corporation,urs corporation,False
dbpedia_5219,7.1m_37,0.8484848484848485,lion corporation,intel corporation,False
dbpedia_5823,7.1m_800,0.8484848484848485,efunds corporation,urs corporation,False
dbpedia_652,7.1m_37,0.8484848484848485,teac corporation,intel corporation,False
dbpedia_4341,7.1m_734,0.8484848484848485,smart technologies,ca technologies,False
dbpedia_4261,7.1m_490,0.8484848484848485,sharp corporation,lear corporation,False
dbpedia_3578,7.1m_1653,0.8484848484848485,ally financial,ally financial inc.,False
dbpedia_1004,7.1m_800,0.8484848484848485,kureha corporation,urs corporation,False
dbpedia_5573,7.1m_840,0.8484848484848485,ihi corporation,harris corporation,False
dbpedia_5219,7.1m_268,0.8484848484848485,lion corporation,fluor corporation,False
dbpedia_4837,7.1m_506,0.8421052631578947,gw pharmaceuticals,teva pharmaceuticals,False
dbpedia_6229,7.1m_537,0.8421052631578947,outsystems,t-systems,False
dbpedia_863,7.1m_923,0.8421052631578947,rpm international,dyncorp international,False
dbpedia_4873,7.1m_981,0.8421052631578947,shaw communications,tata communications,False
dbpedia_651,7.1m_1700,0.8421052631578947,tc energy,dte energy,False
dbpedia_6137,7.1m_275,0.84,jgc holdings corporation,sears holdings corporation,False
dbpedia_5310,7.1m_664,0.8387096774193549,ares management,waste management,False
dbpedia_360,7.1m_37,0.8387096774193549,lg corporation,intel corporation,False
dbpedia_360,7.1m_268,0.8387096774193549,lg corporation,fluor corporation,False
dbpedia_1389,7.1m_1880,0.8387096774193549,smc corporation,bose corporation,False
dbpedia_5219,7.1m_316,0.8387096774193549,lion corporation,ncr corporation,False
dbpedia_5078,7.1m_1947,0.8333333333333334,eneco,tenneco,False
dbpedia_987,7.1m_486,0.8333333333333334,cox communications,l-3 communications,False
dbpedia_3467,7.1m_1370,0.8333333333333334,varian semiconductor,on semiconductor,False
dbpedia_2689,7.1m_1680,0.8333333333333334,disco corporation,visteon corporation,False
dbpedia_547,7.1m_866,0.8333333333333334,rlg communications,cox communications,False
dbpedia_893,7.1m_1699,0.8333333333333334,arotech corporation,sabre corporation,False
dbpedia_3837,7.1m_173,0.8333333333333334,wavecom,aecom,False
dbpedia_1113,7.1m_1624,0.8333333333333334,shentel,entel,False
dbpedia_5367,7.1m_37,0.8333333333333334,centene corporation,intel corporation,False
dbpedia_3584,7.1m_840,0.8333333333333334,amarin corporation,harris corporation,False
dbpedia_3506,7.1m_663,0.8333333333333334,canica,scania,False
dbpedia_6682,7.1m_483,0.8333333333333334,altana,altran,False
dbpedia_1314,7.1m_676,0.8333333333333334,telus corporation,bechtel corporation,False
dbpedia_2702,7.1m_506,0.8292682926829268,ems (pharmaceuticals),teva pharmaceuticals,False
dbpedia_1458,7.1m_469,0.8292682926829268,chess communication,charter communications,False
dbpedia_6179,7.1m_1402,0.8292682926829268,ia financial group,lincoln financial group,False
dbpedia_6049,7.1m_632,0.8292682926829268,lsc communications,reliance communications,False
dbpedia_1240,7.1m_1897,0.8275862068965517,bmi healthcare,ssm health care,False
dbpedia_1641,7.1m_316,0.8235294117647058,danaher corporation,ncr corporation,False
dbpedia_1854,7.1m_1544,0.8235294117647058,slack technologies,fmc technologies,False
dbpedia_1152,7.1m_1778,0.8235294117647058,icf international,hub international,False
dbpedia_3935,7.1m_490,0.8235294117647058,deluxe corporation,lear corporation,False
dbpedia_5522,7.1m_1033,0.8235294117647058,banta corporation,kmart corporation,False
dbpedia_4932,7.1m_1699,0.8235294117647058,ohara corporation,sabre corporation,False
dbpedia_4400,7.1m_586,0.8235294117647058,interoute,intertek,False
dbpedia_5455,7.1m_316,0.8235294117647058,chevron corporation,ncr corporation,False
dbpedia_1182,7.1m_1880,0.8235294117647058,roblox corporation,bose corporation,False
dbpedia_6297,7.1m_1778,0.8235294117647058,tfi international,hub international,False
dbpedia_267,7.1m_37,0.8235294117647058,noble corporation,intel corporation,False
dbpedia_4932,7.1m_268,0.8235294117647058,ohara corporation,fluor corporation,False
dbpedia_1965,7.1m_916,0.8235294117647058,amr corporation,parsons corporation,False
dbpedia_3246,7.1m_486,0.8235294117647058,ps communication,l-3 communications,False
dbpedia_4447,7.1m_480,0.8235294117647058,technipfmc,technip,False
dbpedia_6719,7.1m_1778,0.8235294117647058,kmg international,hub international,False
dbpedia_2067,7.1m_1699,0.8235294117647058,ebara corporation,sabre corporation,False
dbpedia_2932,7.1m_1140,0.8235294117647058,tenet healthcare,genesis healthcare,False
dbpedia_1771,7.1m_17,0.8235294117647058,jpmorgan chase,jpmorgan chase & co.,False
dbpedia_5456,7.1m_1876,0.8235294117647058,andritz ag,andritz,False
dbpedia_5567,7.1m_1699,0.8235294117647058,maeda corporation,sabre corporation,False
dbpedia_3808,7.1m_933,0.8235294117647058,takeda pharmaceutical company,takeda pharmaceuticals,False
dbpedia_1314,7.1m_268,0.8235294117647058,telus corporation,fluor corporation,False
dbpedia_6328,7.1m_281,0.8235294117647058,asb bank,axis bank,False
dbpedia_835,7.1m_485,0.8214285714285714,boston consulting group,the boston consulting group (bcg),False
dbpedia_5567,7.1m_1918,0.8205128205128205,maeda corporation,sealed air corporation,False
dbpedia_5021,7.1m_50,0.8205128205128205,maxwell technologies,huawei technologies,False
dbpedia_4664,7.1m_1918,0.8205128205128205,blair corporation,sealed air corporation,False
dbpedia_6672,7.1m_866,0.8205128205128205,rogers communications,cox communications,False
dbpedia_6372,7.1m_938,0.8205128205128205,pride international,nerium international,False
dbpedia_6049,7.1m_1819,0.8205128205128205,lsc communications,nuance communications,False
dbpedia_732,7.1m_810,0.8181818181818181,byd company,any company,False
dbpedia_6212,7.1m_796,0.8181818181818181,softline international,colliers international,False
dbpedia_796,7.1m_1377,0.8181818181818181,egmont group,lego group,False
dbpedia_475,7.1m_933,0.8181818181818181,beacon pharmaceuticals,takeda pharmaceuticals,False
dbpedia_1559,7.1m_644,0.8181818181818181,firstmerit corporation,first data corporation,False
dbpedia_2145,7.1m_1751,0.8148148148148149,navitas limited,niit limited,False
dbpedia_5724,7.1m_117,0.8148148148148149,api healthcare,ge healthcare,False
dbpedia_233,7.1m_1733,0.8148148148148149,stepan company,telia company,False
dbpedia_2276,7.1m_316,0.8125,kirby corporation,ncr corporation,False
dbpedia_2105,7.1m_1699,0.8125,usg corporation,sabre corporation,False
dbpedia_3005,7.1m_1880,0.8125,nass corporation,bose corporation,False
dbpedia_3355,7.1m_268,0.8125,ugi corporation,fluor corporation,False
dbpedia_6677,7.1m_316,0.8125,amrep corporation,ncr corporation,False
dbpedia_2062,7.1m_734,0.8125,dell technologies,ca technologies,False
dbpedia_3355,7.1m_37,0.8125,ugi corporation,intel corporation,False
dbpedia_1419,7.1m_149,0.8125,aegean airlines,american airlines,False
dbpedia_3,7.1m_1699,0.8125,apa corporation,sabre corporation,False
dbpedia_1132,7.1m_490,0.8125,hoya corporation,lear corporation,False
dbpedia_2768,7.1m_490,0.8125,hess corporation,lear corporation,False
dbpedia_2768,7.1m_1880,0.8125,hess corporation,bose corporation,False
dbpedia_2578,7.1m_1033,0.8125,aes corporation,kmart corporation,False
dbpedia_3886,7.1m_1880,0.8125,smtc corporation,bose corporation,False
dbpedia_5805,7.1m_1699,0.8125,avx corporation,sabre corporation,False
dbpedia_4613,7.1m_800,0.8125,geron corporation,urs corporation,False
dbpedia_6448,7.1m_1880,0.8125,line corporation,bose corporation,False
dbpedia_653,7.1m_268,0.8125,toa corporation,fluor corporation,False
dbpedia_5522,7.1m_316,0.8125,banta corporation,ncr corporation,False
dbpedia_2359,7.1m_1033,0.8125,kyb corporation,kmart corporation,False
dbpedia_3,7.1m_1033,0.8125,apa corporation,kmart corporation,False
dbpedia_2364,7.1m_1699,0.8125,kla corporation,sabre corporation,False
dbpedia_6385,7.1m_1880,0.8125,sram corporation,bose corporation,False
dbpedia_1389,7.1m_1033,0.8125,smc corporation,kmart corporation,False
dbpedia_2210,7.1m_490,0.8108108108108107,newmarket corporation,lear corporation,False
dbpedia_2910,7.1m_843,0.8108108108108107,crédit agricole srbija,crédit agricole,False
dbpedia_25,7.1m_1140,0.8108108108108107,envision healthcare,genesis healthcare,False
dbpedia_2011,7.1m_486,0.8108108108108107,axis communications,l-3 communications,False
dbpedia_3400,7.1m_1782,0.8108108108108107,lumen technologies,united technologies,False
dbpedia_6645,7.1m_1680,0.8108108108108107,tesoro corporation,visteon corporation,False
dbpedia_3584,7.1m_916,0.8108108108108107,amarin corporation,parsons corporation,False
dbpedia_4873,7.1m_866,0.8108108108108107,shaw communications,cox communications,False
dbpedia_6151,7.1m_938,0.8095238095238095,sherritt international,nerium international,False
dbpedia_3540,7.1m_933,0.8095238095238095,jazz pharmaceuticals,takeda pharmaceuticals,False
dbpedia_5809,7.1m_1380,0.8095238095238095,acme united corporation,centene corporation,False
dbpedia_2300,7.1m_130,0.8095238095238095,wilmar international,marriott international,False
dbpedia_3359,7.1m_1819,0.8095238095238095,sunday communications,nuance communications,False
dbpedia_6119,7.1m_429,0.8085106382978724,baird (investment bank),barclays investment bank,False
dbpedia_4031,7.1m_1402,0.8085106382978724,stancorp financial group,lincoln financial group,False
dbpedia_6765,7.1m_1797,0.2962962962962963,third federal s&l,indeed.com,False
dbpedia_1524,7.1m_1394,0.2962962962962963,redfin,libero professionista,False
dbpedia_778,7.1m_1386,0.2962962962962963,advocate aurora health,areva,False
dbpedia_729,7.1m_1789,0.2962962962962963,bdo global,discovery limited,False
dbpedia_1085,7.1m_288,0.2962962962962963,trader joe's,banco do brasil,False
dbpedia_5843,7.1m_396,0.2962962962962963,hanmi bank,time warner cable,False
dbpedia_2271,7.1m_1040,0.2962962962962963,japan post,m. h. alshaya co.,False
dbpedia_6770,7.1m_89,0.2962962962962963,fast retailing,deutsche bank,False
dbpedia_951,7.1m_596,0.2962962962962963,cir group,rutgers university,False
dbpedia_6049,7.1m_1196,0.2962962962962963,lsc communications,skf group,False
dbpedia_5125,7.1m_829,0.2962962962962963,psion (company),bnsf railway,False
dbpedia_5766,7.1m_35,0.2941176470588235,dole food company,kaiser permanente,False
dbpedia_6408,7.1m_660,0.2941176470588235,tower international,volvo car group,False
dbpedia_1202,7.1m_741,0.29268292682926833,orion corporation,university of pittsburgh,False
dbpedia_2553,7.1m_1110,0.2909090909090909,tag tegernsee immobilien und beteiligung,gilead sciences,False
dbpedia_934,7.1m_1965,0.2857142857142857,uralsvyazinform,canadian natural resources limited (cnrl),False
dbpedia_773,7.1m_1797,0.2857142857142857,limelight networks,indeed.com,False
dbpedia_4675,7.1m_280,0.2857142857142857,veeco,primerica,False
dbpedia_6733,7.1m_776,0.2857142857142857,trek bicycle corporation,tyson foods,False
dbpedia_2856,7.1m_1288,0.2857142857142857,united airlines,babcock international group,False
dbpedia_972,7.1m_862,0.2857142857142857,color press group,the university of arizona,False
dbpedia_3790,7.1m_189,0.2857142857142857,patterson companies,société générale,False
dbpedia_5102,7.1m_486,0.2857142857142857,audacious inquiry,l-3 communications,False
dbpedia_4620,7.1m_520,0.2857142857142857,nii holdings,"nbcuniversal media, llc",False
dbpedia_3759,7.1m_966,0.2857142857142857,sunten,swiss re,False
dbpedia_6190,7.1m_1014,0.2857142857142857,manpowergroup,bmo harris bank,False
dbpedia_6479,7.1m_750,0.2857142857142857,servisair,mahindra & mahindra,False
dbpedia_5356,7.1m_1799,0.2857142857142857,brenntag,neiman marcus,False
dbpedia_3430,7.1m_1725,0.2790697674418605,regeneron pharmaceuticals,arbetsförmedlingen,False
dbpedia_1293,7.1m_1036,0.2777777777777778,pell frischmann,vanderbilt university,False
dbpedia_582,7.1m_539,0.27586206896551724,pcsb bank,anheuser-busch inbev,False
dbpedia_157,7.1m_1381,0.27586206896551724,garrett motion,rijkswaterstaat,False
dbpedia_2816,7.1m_291,0.27450980392156865,st. joe company,intercontinental hotels group (ihg®),False
dbpedia_4604,7.1m_1251,0.2727272727272727,loblaw companies,my own,False
dbpedia_4332,7.1m_1711,0.2727272727272727,omnova solutions,sobeys,False
dbpedia_5041,7.1m_1614,0.2702702702702703,pelikan,mary kay idependent consultant,False
dbpedia_3907,7.1m_1869,0.2702702702702703,santander uk,valero energy corporation,False
dbpedia_524,7.1m_1720,0.2666666666666667,hydro one,dar al-handasah (shair and partners),False
dbpedia_4613,7.1m_513,0.2666666666666667,geron corporation,suntrust bank,False
dbpedia_1287,7.1m_1670,0.2666666666666667,mitsuba corporation,sbb cff ffs,False
dbpedia_6033,7.1m_1432,0.2666666666666667,dangote group,walmart ecommerce,False
dbpedia_3636,7.1m_382,0.2666666666666667,tietoevry,adecco,False
dbpedia_4377,7.1m_847,0.2666666666666667,wpx energy,hertz,False
dbpedia_4424,7.1m_241,0.2666666666666667,metso,bombardier,False
dbpedia_1970,7.1m_1778,0.2666666666666667,weichai power,hub international,False
dbpedia_2840,7.1m_514,0.2666666666666667,black & veatch,rockwell collins,False
dbpedia_5361,7.1m_276,0.2666666666666667,cmpc (company),cleveland clinic,False
dbpedia_5105,7.1m_359,0.2666666666666667,bmc software,le groupe la poste,False
dbpedia_1737,7.1m_774,0.2666666666666667,tokyo cement,kindred healthcare,False
dbpedia_5268,7.1m_1338,0.2666666666666667,national bank of kenya,netsuite,False
dbpedia_1552,7.1m_1276,0.2666666666666667,yettel serbia,wake county public school system,False
dbpedia_5552,7.1m_1785,0.26415094339622647,g data cyberdefense,max life insurance company limited,False
dbpedia_4308,7.1m_609,0.26315789473684215,hudson pacific properties,general mills,False
dbpedia_2602,7.1m_416,0.26315789473684215,harman connected services,worleyparsons,False
dbpedia_6643,7.1m_1429,0.26315789473684215,las vegas sands,university of rochester,False
dbpedia_6438,7.1m_969,0.26315789473684215,edda media,the university of manchester,False
dbpedia_2124,7.1m_790,0.26315789473684215,bradesco seguros,union pacific railroad,False
dbpedia_1403,7.1m_729,0.26086956521739135,salomon brothers,parexel,False
dbpedia_4073,7.1m_25,0.26086956521739135,vst industries,capgemini,False
dbpedia_121,7.1m_996,0.26086956521739135,hayneedle,poder judicial,False
dbpedia_5970,7.1m_1973,0.26086956521739135,nikko ceramics,food lion,False
dbpedia_2674,7.1m_1431,0.26086956521739135,accenture,dupont pioneer,False
dbpedia_4208,7.1m_1355,0.25806451612903225,alpha natural resources,tu delft,False
dbpedia_1650,7.1m_1116,0.25806451612903225,beher (company),bank of the west,False
dbpedia_6758,7.1m_1377,0.2564102564102564,tide (transportation company),lego group,False
dbpedia_1936,7.1m_378,0.2564102564102564,minera autlan,sakri it solutions pvt ltd,False
dbpedia_5876,7.1m_1005,0.25531914893617025,genesis microchip,memorial hermann health system,False
dbpedia_6620,7.1m_1493,0.25531914893617025,country financial,melaleuca:the wellness company,False
dbpedia_3773,7.1m_1954,0.25531914893617025,maxim integrated,"regeneron pharmaceuticals, inc.",False
dbpedia_6887,7.1m_1246,0.25396825396825395,merrill lynch & co.,javier orensans. productor asesor de seguros,False
dbpedia_1401,7.1m_140,0.25,sanoma,exxonmobil,False
dbpedia_4382,7.1m_981,0.25,ageas,tata communications,False
dbpedia_3547,7.1m_1521,0.25,ternium,oklahoma state university,False
dbpedia_1635,7.1m_467,0.25,correios,bayer healthcare,False
dbpedia_556,7.1m_941,0.25,republika srpska railways,red hat,False
dbpedia_4934,7.1m_3,0.25,mangalia shipyard,us army,False
dbpedia_1745,7.1m_385,0.25,tom tailor,bureau veritas,False
dbpedia_3056,7.1m_1710,0.25,ferreyros,praxair,False
dbpedia_1141,7.1m_1041,0.25,hubspot,republic services,False
dbpedia_4521,7.1m_1293,0.25,safran,ef education first,False
dbpedia_2212,7.1m_115,0.25,unión fenosa,atos,False
dbpedia_1435,7.1m_729,0.25,electrica,parexel,False
dbpedia_3929,7.1m_265,0.25,advance publications,cibc,False
dbpedia_6795,7.1m_882,0.24242424242424243,affinity water,deloitte consulting,False
dbpedia_5695,7.1m_1535,0.24242424242424243,people's leasing & finance,servier,False
dbpedia_2390,7.1m_1755,0.24,j. j. ugland,hyatt regency,False
dbpedia_6671,7.1m_1365,0.24,forest essentials,swisscom,False
dbpedia_3814,7.1m_1451,0.23529411764705888,morinaga & company,st. jude medical,False
dbpedia_4818,7.1m_478,0.23529411764705888,choppies,sonatrach,False
dbpedia_55,7.1m_1647,0.23529411764705888,profire energy,sfr,False
dbpedia_6481,7.1m_687,0.23529411764705888,geely,fedex ground,False
dbpedia_3536,7.1m_1733,0.23529411764705888,kone,telia company,False
dbpedia_391,7.1m_1995,0.23529411764705888,wyndham capital mortgage,con edison,False
dbpedia_6192,7.1m_82,0.23529411764705888,otp bank,united states marine corps,False
dbpedia_789,7.1m_1938,0.23529411764705888,deutsche presse-agentur,millercoors,False
dbpedia_3676,7.1m_1300,0.23333333333333328,ihg hotels & resorts,pontificia universidad católica de chile,False
dbpedia_3010,7.1m_961,0.23076923076923073,transcom group,china mobile,False
dbpedia_5655,7.1m_1637,0.23076923076923073,intellia therapeutics,senac,False
dbpedia_6332,7.1m_306,0.22857142857142854,energi 1,philip morris international,False
dbpedia_1090,7.1m_188,0.22857142857142854,namakkal transport carriers,raytheon,False
dbpedia_542,7.1m_440,0.2272727272727273,northrop grumman innovation systems,genentech,False
dbpedia_6063,7.1m_388,0.2272727272727273,people's bank of zanzibar,indite technologies,False
dbpedia_2767,7.1m_1285,0.2264150943396226,gestamp,consolidated contractors international company,False
dbpedia_2386,7.1m_1861,0.2222222222222222,banco pan,western university,False
dbpedia_4402,7.1m_447,0.2222222222222222,"williams-sonoma, inc.",te connectivity,False
dbpedia_737,7.1m_631,0.2222222222222222,don quijote (store),etisalat,False
dbpedia_3411,7.1m_678,0.2222222222222222,pfizer,kpn,False
dbpedia_2656,7.1m_1225,0.2222222222222222,seneca foods,postnl,False
dbpedia_2148,7.1m_1451,0.2222222222222222,planet labs,st. jude medical,False
dbpedia_5565,7.1m_1178,0.2222222222222222,hy-vee,massage envy,False
dbpedia_5842,7.1m_1387,0.2222222222222222,edoardo raffinerie garrone,erasmus mc,False
dbpedia_2535,7.1m_1005,0.2222222222222222,mizkan,memorial hermann health system,False
dbpedia_4673,7.1m_1990,0.2222222222222222,norske skog,local government,False
dbpedia_3991,7.1m_1166,0.2222222222222222,hill-rom,abercrombie & fitch,False
dbpedia_4081,7.1m_1952,0.2222222222222222,mt højgaard,indian air force,False
dbpedia_3958,7.1m_1794,0.2222222222222222,trønderenergi,banco sabadell,False
dbpedia_6869,7.1m_922,0.2222222222222222,increo interactive creations as,owner,False
dbpedia_922,7.1m_1097,0.2222222222222222,unit4,pernod ricard,False
dbpedia_3197,7.1m_594,0.2222222222222222,shōeisha,sam's club,False
dbpedia_4017,7.1m_773,0.21739130434782605,plum creek timber,national institutes of health,False
dbpedia_1410,7.1m_1541,0.21621621621621623,abu dhabi national oil company,chili's,False
dbpedia_4446,7.1m_1553,0.2142857142857143,tata group,university of iowa,False
dbpedia_3238,7.1m_249,0.2142857142857143,esselunga,standard bank group,False
dbpedia_3196,7.1m_332,0.2142857142857143,scottish power,kimberly-clark,False
dbpedia_4794,7.1m_1972,0.2142857142857143,amec foster wheeler,uba group,False
dbpedia_4892,7.1m_273,0.21052631578947367,ezra holdings,dupont,False
dbpedia_889,7.1m_270,0.21052631578947367,uniadex,sopra steria,False
dbpedia_5742,7.1m_1968,0.21052631578947367,eren holding,essilor,False
dbpedia_943,7.1m_903,0.21052631578947367,brown thomas,labcorp,False
dbpedia_868,7.1m_1626,0.20833333333333337,rwe supply & trading cz,niit technologies limited,False
dbpedia_5941,7.1m_1471,0.2068965517241379,red gold,university at buffalo,False
dbpedia_5824,7.1m_558,0.2068965517241379,ezchip semiconductor,blackrock,False
dbpedia_2356,7.1m_1168,0.2068965517241379,gs yuasa,university of georgia,False
dbpedia_6804,7.1m_1902,0.2068965517241379,maduro & curiel's bank,sicredi,False
dbpedia_1820,7.1m_1979,0.20512820512820518,irobot,universidad complutense de madrid,False
dbpedia_1388,7.1m_339,0.19999999999999996,sera architects,indra,False
dbpedia_693,7.1m_1980,0.19999999999999996,moneygram,funny types,False
dbpedia_6116,7.1m_1894,0.19999999999999996,topps,oficina privada,False
dbpedia_1242,7.1m_78,0.19999999999999996,grupo abril,walgreens,False
dbpedia_1329,7.1m_1615,0.19999999999999996,wayne farms,toronto district school board,False
dbpedia_843,7.1m_875,0.19999999999999996,lonrho,university of cincinnati,False
dbpedia_510,7.1m_1131,0.19999999999999996,fabasoft,university of missouri,False
dbpedia_2773,7.1m_192,0.19999999999999996,m&co.,eskom,False
dbpedia_2697,7.1m_1943,0.19999999999999996,ert (company),younique products,False
dbpedia_1380,7.1m_1142,0.19999999999999996,proassurance,gamestop,False
dbpedia_5926,7.1m_1742,0.19999999999999996,pocketbook international,aircel,False
dbpedia_4512,7.1m_1231,0.19999999999999996,prestige group,citrix,False
dbpedia_5852,7.1m_724,0.19999999999999996,stock spirits,va medical center,False
dbpedia_5629,7.1m_895,0.19512195121951215,ascom group,new york-presbyterian hospital,False
dbpedia_5892,7.1m_1075,0.19354838709677424,georgian industrial group,dnv gl,False
dbpedia_3925,7.1m_1960,0.1917808219178082,institute for research in economics and business administration,kier group,False
dbpedia_6798,7.1m_7,0.19047619047619047,hyundai glovis,walmart,False
dbpedia_4284,7.1m_1465,0.19047619047619047,fido solutions,audi ag,False
dbpedia_2118,7.1m_470,0.19047619047619047,boxeur des rues,re/max,False
dbpedia_6349,7.1m_1987,0.19047619047619047,eurochem,smurfit kappa,False
dbpedia_1301,7.1m_826,0.1875,perdigão s.a.,comunidad de madrid,False
dbpedia_1676,7.1m_1859,0.1875,rubin (company),tata technologies,False
dbpedia_15,7.1m_936,0.18461538461538463,wesfarmers,"penn medicine, university of pennsylvania health system",False
dbpedia_757,7.1m_1997,0.18181818181818177,sanyo,sikorsky aircraft,False
dbpedia_5323,7.1m_1661,0.18181818181818177,noble group,itc limited,False
dbpedia_5706,7.1m_1338,0.18181818181818177,teladoc health,netsuite,False
dbpedia_1980,7.1m_315,0.18181818181818177,plasmart,trw,False
dbpedia_2343,7.1m_1693,0.18181818181818177,betsson,york university,False
dbpedia_5426,7.1m_1988,0.18181818181818177,ryanair,city of houston,False
dbpedia_3991,7.1m_996,0.18181818181818177,hill-rom,poder judicial,False
dbpedia_4191,7.1m_483,0.18181818181818177,ssangyong engineering and construction,altran,False
dbpedia_44,7.1m_433,0.18181818181818177,babylon health,motorola,False
dbpedia_1265,7.1m_1225,0.1777777777777778,information satellite systems reshetnev,postnl,False
dbpedia_2495,7.1m_188,0.17647058823529416,global trust bank (uganda),raytheon,False
dbpedia_3469,7.1m_1077,0.17647058823529416,university of florida health,telkom,False
dbpedia_6211,7.1m_1669,0.17647058823529416,snam,los alamos national laboratory,False
dbpedia_5357,7.1m_64,0.17391304347826086,bruegger's,independiente,False
dbpedia_871,7.1m_147,0.17391304347826086,planar systems,hdfc bank,False
dbpedia_1596,7.1m_855,0.16666666666666663,campari group,robert half,False
dbpedia_3523,7.1m_980,0.16666666666666663,cyberark,ongc,False
dbpedia_3360,7.1m_318,0.16666666666666663,sydney development corporation,amdocs,False
dbpedia_4592,7.1m_1249,0.16666666666666663,genivar,mahle,False
dbpedia_4007,7.1m_1646,0.16666666666666663,ns railinfratrust,equinox,False
dbpedia_2171,7.1m_398,0.16666666666666663,yoke's fresh market,adobe,False
dbpedia_5311,7.1m_1128,0.16666666666666663,armacell,lyft,False
dbpedia_3057,7.1m_1089,0.16000000000000003,evry,oracle india pvt. ltd,False
dbpedia_509,7.1m_1022,0.16000000000000003,house foods,bain & company,False
dbpedia_4341,7.1m_1939,0.16000000000000003,smart technologies,equifax,False
dbpedia_1140,7.1m_703,0.1578947368421053,huawei,miami-dade county public schools,False
dbpedia_6261,7.1m_1191,0.15384615384615385,good sam enterprises,luxoft,False
dbpedia_635,7.1m_1424,0.15384615384615385,kfw,edf energy,False
dbpedia_4351,7.1m_1731,0.15384615384615385,option n.v.,astellas pharma,False
dbpedia_4886,7.1m_619,0.15384615384615385,faurecia,hsbc global banking and markets,False
dbpedia_5229,7.1m_1958,0.15384615384615385,svenska petroleum exploration ab,wayfair,False
dbpedia_2100,7.1m_46,0.15384615384615385,lettuce entertain you enterprises,pfizer,False
dbpedia_577,7.1m_1619,0.15384615384615385,parexel,state of washington,False
dbpedia_3895,7.1m_1614,0.15000000000000002,salesforce,mary kay idependent consultant,False
dbpedia_3262,7.1m_1470,0.15000000000000002,b. braun,express employment professionals,False
dbpedia_2700,7.1m_103,0.1428571428571429,deutz ag,abbott,False
dbpedia_3930,7.1m_1765,0.1428571428571429,aerolíneas argentinas,cmc ltd,False
dbpedia_5828,7.1m_87,0.1428571428571429,delta lloyd group,bnp paribas,False
dbpedia_3443,7.1m_1651,0.1428571428571429,zurich insurance group,akbank,False
dbpedia_1501,7.1m_1457,0.1428571428571429,logicalis,metso,False
dbpedia_3820,7.1m_1208,0.1428571428571429,a1 bulgaria,ngo,False
dbpedia_3391,7.1m_768,0.13636363636363635,genzyme,"securitas security services usa, inc.",False
dbpedia_3664,7.1m_1099,0.1351351351351351,futurice,deutsche gesellschaft für internationale zusammenarbeit (giz) gmbh,False
dbpedia_5584,7.1m_1620,0.1333333333333333,o boticário,sars,False
dbpedia_213,7.1m_273,0.1333333333333333,rede s.a.,dupont,False
dbpedia_5652,7.1m_462,0.1333333333333333,inter primo,sena,False
dbpedia_1315,7.1m_1863,0.1333333333333333,x-fab,beiersdorf,False
dbpedia_2834,7.1m_86,0.1333333333333333,flowserve,sanofi,False
dbpedia_2045,7.1m_1238,0.1333333333333333,rovira biscuits corporation,any,False
dbpedia_1086,7.1m_1889,0.1333333333333333,tramontina,essar,False
dbpedia_3088,7.1m_1131,0.12903225806451613,ocbc bank,university of missouri,False
dbpedia_4718,7.1m_1846,0.12903225806451613,club med,fraser health authority,False
dbpedia_2553,7.1m_1541,0.12765957446808507,tag tegernsee immobilien und beteiligung,chili's,False
dbpedia_1765,7.1m_217,0.125,serneke,tesco plc,False
dbpedia_5729,7.1m_270,0.125,agco,sopra steria,False
dbpedia_4013,7.1m_1801,0.125,racetrac,grundfos,False
dbpedia_5496,7.1m_822,0.11764705882352944,noordzee helikopters vlaanderen,yok,False
dbpedia_4335,7.1m_751,0.11538461538461542,chartered institute of personnel and development,kone,False
dbpedia_2565,7.1m_1020,0.1132075471698113,tv tokyo,cincinnati children's hospital medical center,False
dbpedia_2880,7.1m_1488,0.11111111111111116,carvana,post office,False
dbpedia_388,7.1m_595,0.11111111111111116,rumo logística,geen,False
dbpedia_4749,7.1m_1729,0.11111111111111116,john holt plc,bunge,False
dbpedia_5913,7.1m_594,0.11111111111111116,navantia,sam's club,False
dbpedia_3058,7.1m_129,0.11111111111111116,mary kay,telefónica,False
dbpedia_2753,7.1m_158,0.10526315789473684,19 entertainment,pnc,False
dbpedia_3784,7.1m_1647,0.10526315789473684,patria (company),sfr,False
dbpedia_2501,7.1m_1048,0.10526315789473684,guess (clothing),seb,False
dbpedia_4338,7.1m_1065,0.10526315789473684,richemont,dallas isd,False
dbpedia_589,7.1m_1369,0.10256410256410253,godaddy,bharat heavy electricals limited,False
dbpedia_3743,7.1m_1862,0.10256410256410253,h-e-b,blue cross blue shield of michigan,False
dbpedia_751,7.1m_455,0.09999999999999998,siderperu,tata motors,False
dbpedia_6000,7.1m_315,0.09523809523809523,candu owners group,trw,False
dbpedia_1593,7.1m_1601,0.09090909090909094,cyta,balfour beatty plc,False
dbpedia_602,7.1m_1126,0.09090909090909094,greggs,southern company,False
dbpedia_5416,7.1m_51,0.08695652173913049,the container store,dell,False
dbpedia_1273,7.1m_631,0.08695652173913049,keumyoung group,etisalat,False
dbpedia_4388,7.1m_116,0.08333333333333337,guidewell,pcs informatica,False
dbpedia_1366,7.1m_1442,0.08333333333333337,bp,johns hopkins hospital,False
dbpedia_1880,7.1m_1467,0.07407407407407407,wacom,université de montréal,False
dbpedia_3357,7.1m_877,0.0714285714285714,sumitomo heavy industries,fda,False
dbpedia_6145,7.1m_1357,0.0625,jdsu,mcdermott international inc.,False
dbpedia_5133,7.1m_1650,0.0,ssp group,hella,False
dbpedia_5406,7.1m_500,0.0,la-z-boy,heineken,False
dbpedia_897,7.1m_448,0.0,fingerhut,wood,False
dbpedia_3176,7.1m_1868,0.0,merz pharma,ninguno,False
dbpedia_1007,7.1m_722,0.0,jenoptik,ucsf,False
dbpedia_5656,7.1m_434,0.0,intertek,chubb,False
dbpedia_4029,7.1m_15,0.0,renewable energy group,citi,False
dbpedia_311,7.1m_1709,0.0,cemex,afpa,False
dbpedia_5203,7.1m_443,0.0,havertys,bd,False
dbpedia_135,7.1m_207,0.0,synopsys,vale,False
dbpedia_2871,7.1m_293,0.0,cnhi,epam systems,False
