db_id;sevM_id;LevScore;db;sevMil;label
dbpedia_5248;7.1m_234;1.0;boehringer ingelheim;boehringer ingelheim;TRUE
dbpedia_4098;7.1m_25;1.0;capgemini;capgemini;TRUE
dbpedia_3630;7.1m_97;1.0;barclays;barclays;TRUE
dbpedia_1;7.1m_1546;1.0;alten;alten;TRUE
dbpedia_3107;7.1m_439;1.0;sony;sony;TRUE
dbpedia_2046;7.1m_1839;1.0;acosta sales & marketing;acosta sales & marketing;TRUE
dbpedia_2777;7.1m_623;1.0;m&t bank;m&t bank;TRUE
dbpedia_1117;7.1m_229;1.0;fedex;fedex;TRUE
dbpedia_2865;7.1m_1687;1.0;under armour;under armour;TRUE
dbpedia_3385;7.1m_300;1.0;boston scientific;boston scientific;TRUE
dbpedia_1962;7.1m_173;1.0;aecom;aecom;TRUE
dbpedia_3812;7.1m_129;1.0;telefónica;telefónica;TRUE
dbpedia_1307;7.1m_480;1.0;technip;technip;TRUE
dbpedia_3447;7.1m_892;1.0;arthur j. gallagher & co.;arthur j. gallagher & co.;TRUE
dbpedia_3055;7.1m_1746;1.0;federal-mogul;federal-mogul;TRUE
dbpedia_742;7.1m_1320;1.0;principal financial group;principal financial group;TRUE
dbpedia_727;7.1m_1212;1.0;autozone;autozone;TRUE
dbpedia_6466;7.1m_1140;1.0;genesis healthcare;genesis healthcare;TRUE
dbpedia_3062;7.1m_659;1.0;mastercard;mastercard;TRUE
dbpedia_340;7.1m_1304;1.0;cracker barrel;cracker barrel;TRUE
dbpedia_6678;7.1m_253;1.0;allianz;allianz;TRUE
dbpedia_193;7.1m_997;1.0;natixis;natixis;TRUE
dbpedia_6363;7.1m_1157;1.0;autoliv;autoliv;TRUE
dbpedia_4326;7.1m_205;1.0;novo nordisk;novo nordisk;TRUE
dbpedia_4940;7.1m_855;1.0;robert half;robert half;TRUE
dbpedia_2047;7.1m_266;1.0;adidas;adidas;TRUE
dbpedia_1690;7.1m_618;1.0;american family insurance;american family insurance;TRUE
dbpedia_1467;7.1m_454;1.0;sun life financial;sun life financial;TRUE
dbpedia_1671;7.1m_1946;1.0;wolters kluwer;wolters kluwer;TRUE
dbpedia_4996;7.1m_577;1.0;grant thornton llp;grant thornton llp;TRUE
dbpedia_3412;7.1m_316;1.0;ncr corporation;ncr corporation;TRUE
dbpedia_1720;7.1m_527;1.0;four seasons hotels and resorts;four seasons hotels and resorts;TRUE
dbpedia_3507;7.1m_1643;1.0;coca-cola amatil;coca-cola amatil;TRUE
dbpedia_2607;7.1m_1971;1.0;asus;asus;TRUE
dbpedia_321;7.1m_786;1.0;concentrix;concentrix;TRUE
dbpedia_402;7.1m_106;1.0;american express;american express;TRUE
dbpedia_4155;7.1m_774;1.0;kindred healthcare;kindred healthcare;TRUE
dbpedia_6879;7.1m_1631;1.0;menards;menards;TRUE
dbpedia_924;7.1m_372;1.0;vmware;vmware;TRUE
dbpedia_1470;7.1m_76;1.0;ubs;ubs;TRUE
dbpedia_3133;7.1m_1551;1.0;givaudan;givaudan;TRUE
dbpedia_352;7.1m_332;1.0;kimberly-clark;kimberly-clark;TRUE
dbpedia_5850;7.1m_302;1.0;lenovo;lenovo;TRUE
dbpedia_3787;7.1m_1307;1.0;millicom;millicom;TRUE
dbpedia_4226;7.1m_1209;1.0;frontier communications;frontier communications;TRUE
dbpedia_749;7.1m_273;1.0;dupont;dupont;TRUE
dbpedia_4164;7.1m_1930;1.0;korn ferry;korn ferry;TRUE
dbpedia_5161;7.1m_442;1.0;serco;serco;TRUE
dbpedia_4373;7.1m_34;1.0;vodafone;vodafone;TRUE
dbpedia_2087;7.1m_1250;1.0;harman international;harman international;TRUE
dbpedia_1366;7.1m_67;1.0;bp;bp;TRUE
dbpedia_6456;7.1m_911;1.0;turkish airlines;turkish airlines;TRUE
dbpedia_6521;7.1m_1000;1.0;ramboll;ramboll;TRUE
dbpedia_6483;7.1m_791;1.0;gap inc.;gap inc.;TRUE
dbpedia_171;7.1m_1268;1.0;henry ford health system;henry ford health system;TRUE
dbpedia_5542;7.1m_842;1.0;express scripts;express scripts;TRUE
dbpedia_1927;7.1m_251;1.0;mayo clinic;mayo clinic;TRUE
dbpedia_5825;7.1m_401;1.0;ecolab;ecolab;TRUE
dbpedia_4447;7.1m_976;1.0;technipfmc;technipfmc;TRUE
dbpedia_365;7.1m_1854;1.0;lpl financial;lpl financial;TRUE
dbpedia_2640;7.1m_1710;1.0;praxair;praxair;TRUE
dbpedia_1365;7.1m_405;1.0;bbc;bbc;TRUE
dbpedia_3172;7.1m_8;1.0;microsoft;microsoft;TRUE
dbpedia_3253;7.1m_1728;1.0;akamai technologies;akamai technologies;TRUE
dbpedia_4717;7.1m_215;1.0;convergys;convergys;TRUE
dbpedia_4693;7.1m_1120;1.0;cma cgm;cma cgm;TRUE
dbpedia_6495;7.1m_771;1.0;luxottica;luxottica;TRUE
dbpedia_744;7.1m_1497;1.0;qbe insurance;qbe insurance;TRUE
dbpedia_3896;7.1m_1691;1.0;savills;savills;TRUE
dbpedia_6279;7.1m_1649;1.0;mcafee;mcafee;TRUE
dbpedia_5757;7.1m_1100;1.0;avery dennison;avery dennison;TRUE
dbpedia_5696;7.1m_41;1.0;pepsico;pepsico;TRUE
dbpedia_5781;7.1m_744;1.0;snc-lavalin;snc-lavalin;TRUE
dbpedia_4721;7.1m_508;1.0;conocophillips;conocophillips;TRUE
dbpedia_2802;7.1m_960;1.0;pitney bowes;pitney bowes;TRUE
dbpedia_3209;7.1m_517;1.0;telenor;telenor;TRUE
dbpedia_1938;7.1m_804;1.0;petsmart;petsmart;TRUE
dbpedia_636;7.1m_1525;1.0;maybank;maybank;TRUE
dbpedia_2115;7.1m_1309;1.0;gemalto;gemalto;TRUE
dbpedia_4174;7.1m_613;1.0;tetra pak;tetra pak;TRUE
dbpedia_735;7.1m_420;1.0;aviva;aviva;TRUE
dbpedia_2755;7.1m_1325;1.0;rbc capital markets;rbc capital markets;TRUE
dbpedia_6667;7.1m_1504;1.0;petroleum development oman;petroleum development oman;TRUE
dbpedia_6708;7.1m_1660;1.0;freddie mac;freddie mac;TRUE
dbpedia_3008;7.1m_1090;1.0;trane;trane;TRUE
dbpedia_3261;7.1m_1273;1.0;avis budget group;avis budget group;TRUE
dbpedia_4612;7.1m_1253;1.0;gerdau;gerdau;TRUE
dbpedia_5302;7.1m_1141;1.0;arrow electronics;arrow electronics;TRUE
dbpedia_3072;7.1m_218;1.0;iqvia;iqvia;TRUE
dbpedia_2595;7.1m_1197;1.0;western union;western union;TRUE
dbpedia_5684;7.1m_175;1.0;metlife;metlife;TRUE
dbpedia_2932;7.1m_1841;1.0;tenet healthcare;tenet healthcare;TRUE
dbpedia_4091;7.1m_1114;1.0;buffalo wild wings;buffalo wild wings;TRUE
dbpedia_2304;7.1m_651;1.0;royal mail;royal mail;TRUE
dbpedia_2228;7.1m_385;1.0;bureau veritas;bureau veritas;TRUE
dbpedia_5251;7.1m_609;1.0;general mills;general mills;TRUE
dbpedia_5014;7.1m_683;1.0;ingram micro;ingram micro;TRUE
dbpedia_1824;7.1m_1959;1.0;mrv engenharia;mrv engenharia;TRUE
dbpedia_6250;7.1m_1343;1.0;globallogic;globallogic;TRUE
dbpedia_301;7.1m_113;1.0;cvs health;cvs health;TRUE
dbpedia_6857;7.1m_1430;1.0;bdo usa, llp;bdo usa, llp;TRUE
dbpedia_6383;7.1m_368;1.0;saipem;saipem;TRUE
dbpedia_257;7.1m_1132;1.0;newell brands;newell brands;TRUE
dbpedia_4793;7.1m_1905;1.0;amcor;amcor;TRUE
dbpedia_2126;7.1m_152;1.0;genpact;genpact;TRUE
dbpedia_6421;7.1m_257;1.0;aetna;aetna;TRUE
dbpedia_3096;7.1m_552;1.0;rite aid;rite aid;TRUE
dbpedia_6158;7.1m_204;1.0;fedex express;fedex express;TRUE
dbpedia_5404;7.1m_968;1.0;teradata;teradata;TRUE
dbpedia_3895;7.1m_219;1.0;salesforce;salesforce;TRUE
dbpedia_1234;7.1m_1932;1.0;globant;globant;TRUE
dbpedia_5512;7.1m_288;1.0;banco do brasil;banco do brasil;TRUE
dbpedia_5284;7.1m_890;1.0;spectrum health;spectrum health;TRUE
dbpedia_2387;7.1m_1794;1.0;banco sabadell;banco sabadell;TRUE
dbpedia_2119;7.1m_1142;1.0;gamestop;gamestop;TRUE
dbpedia_2402;7.1m_237;1.0;the walt disney company;the walt disney company;TRUE
dbpedia_3145;7.1m_1557;1.0;gucci;gucci;TRUE
dbpedia_4171;7.1m_1770;1.0;tenaris;tenaris;TRUE
dbpedia_3394;7.1m_1021;1.0;gfk;gfk;TRUE
dbpedia_135;7.1m_1091;1.0;synopsys;synopsys;TRUE
dbpedia_5426;7.1m_1998;1.0;ryanair;ryanair;TRUE
dbpedia_3529;7.1m_737;1.0;dbs bank;dbs bank;TRUE
dbpedia_138;7.1m_1664;1.0;tupperware brands;tupperware brands;TRUE
dbpedia_2340;7.1m_1550;1.0;chick-fil-a;chick-fil-a;TRUE
dbpedia_2662;7.1m_603;1.0;sasol;sasol;TRUE
dbpedia_1673;7.1m_1408;1.0;wärtsilä;wärtsilä;TRUE
dbpedia_5808;7.1m_1698;1.0;acciona;acciona;TRUE
dbpedia_1254;7.1m_428;1.0;inditex;inditex;TRUE
dbpedia_3131;7.1m_1117;1.0;globalfoundries;globalfoundries;TRUE
dbpedia_2204;7.1m_1179;1.0;forever 21;forever 21;TRUE
dbpedia_5217;7.1m_559;1.0;henkel;henkel;TRUE
dbpedia_6042;7.1m_1931;1.0;kinder morgan;kinder morgan;TRUE
dbpedia_3757;7.1m_532;1.0;international paper;international paper;TRUE
dbpedia_1101;7.1m_1116;1.0;bank of the west;bank of the west;TRUE
dbpedia_265;7.1m_48;1.0;nestlé;nestlé;TRUE
dbpedia_1612;7.1m_1085;1.0;coca-cola enterprises;coca-cola enterprises;TRUE
dbpedia_4159;7.1m_329;1.0;kuehne + nagel;kuehne + nagel;TRUE
dbpedia_6917;7.1m_254;1.0;telstra;telstra;TRUE
dbpedia_2065;7.1m_1424;1.0;edf energy;edf energy;TRUE
dbpedia_565;7.1m_478;1.0;sonatrach;sonatrach;TRUE
dbpedia_6650;7.1m_506;1.0;teva pharmaceuticals;teva pharmaceuticals;TRUE
dbpedia_5656;7.1m_586;1.0;intertek;intertek;TRUE
dbpedia_543;7.1m_971;1.0;nvidia;nvidia;TRUE
dbpedia_3862;7.1m_1630;1.0;asurion;asurion;TRUE
dbpedia_6595;7.1m_178;1.0;cargill;cargill;TRUE
dbpedia_3123;7.1m_503;1.0;ppg industries;ppg industries;TRUE
dbpedia_142;7.1m_194;1.0;uber;uber;TRUE
dbpedia_1689;7.1m_1242;1.0;analog devices;analog devices;TRUE
dbpedia_2670;7.1m_1190;1.0;landmark group;landmark group;TRUE
dbpedia_1339;7.1m_192;1.0;eskom;eskom;TRUE
dbpedia_5739;7.1m_464;1.0;air france;air france;TRUE
dbpedia_2394;7.1m_1252;1.0;beckman coulter;beckman coulter;TRUE
dbpedia_2435;7.1m_1778;1.0;hub international;hub international;TRUE
dbpedia_6640;7.1m_1925;1.0;bearingpoint;bearingpoint;TRUE
dbpedia_1761;7.1m_1280;1.0;bank of china;bank of china;TRUE
dbpedia_3620;7.1m_150;1.0;baker hughes;baker hughes;TRUE
dbpedia_5714;7.1m_1733;1.0;telia company;telia company;TRUE
dbpedia_355;7.1m_240;1.0;lg electronics;lg electronics;TRUE
dbpedia_6301;7.1m_1633;1.0;t. rowe price;t. rowe price;TRUE
dbpedia_1085;7.1m_1469;1.0;trader joe's;trader joe's;TRUE
dbpedia_277;7.1m_1782;0.9189189189189189;unity technologies;united technologies;FALSE
dbpedia_4725;7.1m_1245;0.88;commerzbank;commerzbank ag;TRUE
dbpedia_4565;7.1m_228;875;lifescan;lifespan;FALSE
dbpedia_2578;7.1m_1699;875;aes corporation;sabre corporation;FALSE
dbpedia_360;7.1m_490;0.8666666666666667;lg corporation;lear corporation;FALSE
dbpedia_300;7.1m_316;0.8666666666666667;cbs corporation;ncr corporation;FALSE
dbpedia_3816;7.1m_1250;0.8648648648648649;asm international;harman international;FALSE
dbpedia_5846;7.1m_947;0.8571428571428572;electronic arts;electronic arts (ea);TRUE
dbpedia_1906;7.1m_1220;0.8571428571428572;group o;groupon;FALSE
dbpedia_668;7.1m_1033;0.8571428571428572;target corporation;kmart corporation;FALSE
dbpedia_6379;7.1m_1792;0.8571428571428572;sl industries;shaw industries;FALSE
dbpedia_5567;7.1m_490;0.8484848484848485;maeda corporation;lear corporation;FALSE
dbpedia_4507;7.1m_87;0.8461538461538461;bnp paribas cib;bnp paribas;FALSE
dbpedia_4226;7.1m_469;0.8444444444444444;frontier communications;charter communications;FALSE
dbpedia_107;7.1m_1377;0.8421052631578947;eos group;lego group;FALSE
dbpedia_3927;7.1m_1250;0.8421052631578947;aten international;harman international;FALSE
dbpedia_5930;7.1m_410;0.8421052631578947;randstad nv;randstad;TRUE
dbpedia_2583;7.1m_36;0.8421052631578947;morgan motor company;ford motor company;FALSE
dbpedia_6466;7.1m_117;0.8387096774193549;genesis healthcare;ge healthcare;FALSE
dbpedia_2359;7.1m_1880;0.8387096774193549;kyb corporation;bose corporation;FALSE
dbpedia_2736;7.1m_1880;0.8387096774193549;urs corporation;bose corporation;FALSE
dbpedia_3421;7.1m_506;0.8372093023255813;portola pharmaceuticals;teva pharmaceuticals;FALSE
dbpedia_5447;7.1m_483;0.8333333333333334;altera;altran;FALSE
dbpedia_6298;7.1m_840;0.8333333333333334;taisei corporation;harris corporation;FALSE
dbpedia_2277;7.1m_1873;0.8333333333333334;jarden;darden;FALSE
dbpedia_2223;7.1m_483;0.8333333333333334;valtra;altran;FALSE
dbpedia_5537;7.1m_840;0.8333333333333334;marcus corporation;harris corporation;FALSE
dbpedia_5070;7.1m_506;0.8292682926829268;ariad pharmaceuticals;teva pharmaceuticals;FALSE
dbpedia_6287;7.1m_388;0.8292682926829268;mindspeed technologies;indite technologies;FALSE
dbpedia_4502;7.1m_123;0.8275862068965517;avid technology;dxc technology;FALSE
dbpedia_5978;7.1m_316;0.8275862068965517;vf corporation;ncr corporation;FALSE
dbpedia_3602;7.1m_503;0.8275862068965517;topy industries;ppg industries;FALSE
dbpedia_5717;7.1m_1792;0.8275862068965517;abm industries;shaw industries;FALSE
dbpedia_360;7.1m_316;0.8275862068965517;lg corporation;ncr corporation;FALSE
dbpedia_1854;7.1m_44;0.8235294117647058;slack technologies;hcl technologies;FALSE
dbpedia_1463;7.1m_1880;0.8235294117647058;sysmex corporation;bose corporation;FALSE
dbpedia_1202;7.1m_268;0.8235294117647058;orion corporation;fluor corporation;FALSE
dbpedia_6645;7.1m_490;0.8235294117647058;tesoro corporation;lear corporation;FALSE
dbpedia_4237;7.1m_37;0.8235294117647058;titan corporation;intel corporation;FALSE
dbpedia_1307;7.1m_976;0.8235294117647058;technip;technipfmc;TRUE
dbpedia_6443;7.1m_422;0.8205128205128205;haynes international;magna international;FALSE
dbpedia_469;7.1m_240;0.8148148148148149;jj electronic;lg electronics;FALSE
dbpedia_3688;7.1m_800;0.8125;okuma corporation;urs corporation;FALSE
dbpedia_1965;7.1m_268;0.8125;amr corporation;fluor corporation;FALSE
dbpedia_6240;7.1m_1033;0.8125;pkb corporation;kmart corporation;FALSE
dbpedia_5219;7.1m_490;0.8125;lion corporation;lear corporation;FALSE
dbpedia_1272;7.1m_490;0.8125;keio corporation;lear corporation;FALSE
dbpedia_4929;7.1m_37;0.8125;cpt corporation;intel corporation;FALSE
dbpedia_1641;7.1m_330;0.8108108108108107;danaher corporation;cerner corporation;FALSE
dbpedia_5519;7.1m_1778;0.8108108108108107;baxter international;hub international;FALSE
dbpedia_454;7.1m_1782;0.8108108108108107;trane technologies;united technologies;FALSE
dbpedia_1743;7.1m_1033;0.8108108108108107;tokuyama corporation;kmart corporation;FALSE
dbpedia_3959;7.1m_1782;0.8108108108108107;tyler technologies;united technologies;FALSE
dbpedia_5807;7.1m_506;0.8095238095238095;acadia pharmaceuticals;teva pharmaceuticals;FALSE
dbpedia_880;7.1m_506;0.8095238095238095;square pharmaceuticals;teva pharmaceuticals;FALSE
dbpedia_856;7.1m_872;0.8085106382978724;national bank of bahrain;national bank of canada;FALSE
dbpedia_2898;7.1m_1835;0.8;cogent communications;discovery communications;FALSE
dbpedia_1925;7.1m_800;0.8;kao corporation;urs corporation;FALSE
dbpedia_6351;7.1m_933;0.8;alembic pharmaceuticals;takeda pharmaceuticals;FALSE
dbpedia_2861;7.1m_37;0.8;unocal corporation;intel corporation;FALSE
dbpedia_4637;7.1m_1146;0.8;steel dynamics;general dynamics;FALSE
dbpedia_6290;7.1m_50;0.8;toa technologies;huawei technologies;FALSE
dbpedia_6187;7.1m_1880;0.8;olympus corporation;bose corporation;FALSE
dbpedia_3354;7.1m_796;0.8;tyco international;colliers international;FALSE
dbpedia_48;7.1m_1972;0.8;bazan group;uba group;FALSE
dbpedia_2725;7.1m_177;0.8;leaf group;ikea group;FALSE
dbpedia_1322;7.1m_719;0.8;4info;infor;FALSE
dbpedia_2306;7.1m_506;0.8;king pharmaceuticals;teva pharmaceuticals;FALSE
dbpedia_3253;7.1m_1544;0.8;akamai technologies;fmc technologies;FALSE
dbpedia_2960;7.1m_1375;0.8;rush enterprises;nu skin enterprises;FALSE
dbpedia_6645;7.1m_268;0.8;tesoro corporation;fluor corporation;FALSE
dbpedia_6677;7.1m_330;0.8;amrep corporation;cerner corporation;FALSE
dbpedia_1050;7.1m_330;0.8;chino corporation;cerner corporation;FALSE
dbpedia_6434;7.1m_938;0.8;edison international;nerium international;FALSE
dbpedia_983;7.1m_37;0.8;corvel corporation;intel corporation;FALSE
dbpedia_4433;7.1m_1544;0.8;performance technologies;fmc technologies;FALSE
dbpedia_3213;7.1m_906;0.8;anas;qantas;FALSE
dbpedia_3778;7.1m_352;0.8;mazars;mars;FALSE
dbpedia_3422;7.1m_379;0.8;rawbank;rabobank;FALSE
dbpedia_6178;7.1m_800;0.8;huntsman corporation;urs corporation;FALSE
dbpedia_3935;7.1m_37;0.8;deluxe corporation;intel corporation;FALSE
dbpedia_2174;7.1m_268;0.8;yellow corporation;fluor corporation;FALSE
dbpedia_6103;7.1m_469;0.8;gtt communications;charter communications;FALSE
dbpedia_5827;7.1m_1714;0.8;ebsco industries;abm industries;FALSE
dbpedia_6298;7.1m_1699;0.8;taisei corporation;sabre corporation;FALSE
dbpedia_4604;7.1m_1160;0.8;loblaw companies;loblaw companies limited;TRUE
dbpedia_6530;7.1m_490;0.8;redbana corporation;lear corporation;FALSE
dbpedia_5978;7.1m_1880;0.8;vf corporation;bose corporation;FALSE
dbpedia_4393;7.1m_1998;0.8;iran air;ryanair;FALSE
dbpedia_3671;7.1m_113;0.8;ims health;cvs health;FALSE
dbpedia_3413;7.1m_1712;0.8;nmc health;nsw health;FALSE
dbpedia_2478;7.1m_922;0.8;owler;owner;FALSE
dbpedia_2820;7.1m_1859;0.8;zebra technologies;tata technologies;FALSE
dbpedia_698;7.1m_6;0.8;wavefront technology solutions;cognizant technology solutions;FALSE
dbpedia_5895;7.1m_241;0.8;bombardier inc.;bombardier;TRUE
dbpedia_6662;7.1m_1778;0.8;smit international;hub international;FALSE
dbpedia_2106;7.1m_397;0.8;swedbank;nedbank;FALSE
dbpedia_233;7.1m_1126;0.8;stepan company;southern company;FALSE
dbpedia_2373;7.1m_37;0.8;trayal corporation;intel corporation;FALSE
dbpedia_3177;7.1m_360;0.8;midwestone financial group;bmo financial group;FALSE
dbpedia_4403;7.1m_1699;0.8;kaneka corporation;sabre corporation;FALSE
dbpedia_1225;7.1m_923;0.7906976744186046;giordano international;dyncorp international;FALSE
dbpedia_1836;7.1m_1320;0.7906976744186046;op financial group;principal financial group;FALSE
dbpedia_3663;7.1m_507;0.7906976744186046;one telecommunications;rogers communications;FALSE
dbpedia_3663;7.1m_1819;0.7906976744186046;one telecommunications;nuance communications;FALSE
dbpedia_6450;7.1m_506;0.7906976744186046;lexicon pharmaceuticals;teva pharmaceuticals;FALSE
dbpedia_2133;7.1m_1250;0.7894736842105263;hill international;harman international;FALSE
dbpedia_5455;7.1m_1380;0.7894736842105263;chevron corporation;centene corporation;FALSE
dbpedia_5609;7.1m_916;0.7894736842105263;oshkosh corporation;parsons corporation;FALSE
dbpedia_3927;7.1m_938;0.7894736842105263;aten international;nerium international;FALSE
dbpedia_3303;7.1m_50;0.7894736842105263;adesto technologies;huawei technologies;FALSE
dbpedia_6884;7.1m_330;0.7894736842105263;meredith corporation;cerner corporation;FALSE
dbpedia_958;7.1m_1033;0.7894736842105263;catamaran corporation;kmart corporation;FALSE
dbpedia_5947;7.1m_1918;0.7894736842105263;zale corporation;sealed air corporation;FALSE
dbpedia_1411;7.1m_676;0.7894736842105263;actuate corporation;bechtel corporation;FALSE
dbpedia_893;7.1m_916;0.7894736842105263;arotech corporation;parsons corporation;FALSE
dbpedia_3688;7.1m_1880;0.7878787878787878;okuma corporation;bose corporation;FALSE
dbpedia_4237;7.1m_490;0.7878787878787878;titan corporation;lear corporation;FALSE
dbpedia_1043;7.1m_1999;0.7878787878787878;change healthcare;sharp healthcare;FALSE
dbpedia_3;7.1m_840;0.7878787878787878;apa corporation;harris corporation;FALSE
dbpedia_5947;7.1m_268;0.7878787878787878;zale corporation;fluor corporation;FALSE
dbpedia_5471;7.1m_1783;0.7878787878787878;fry's electronics;sony electronics;FALSE
dbpedia_2105;7.1m_840;0.7878787878787878;usg corporation;harris corporation;FALSE
dbpedia_652;7.1m_1033;0.7878787878787878;teac corporation;kmart corporation;FALSE
dbpedia_5823;7.1m_316;0.7878787878787878;efunds corporation;ncr corporation;FALSE
dbpedia_4261;7.1m_1880;0.7878787878787878;sharp corporation;bose corporation;FALSE
dbpedia_2062;7.1m_1544;0.7878787878787878;dell technologies;fmc technologies;FALSE
dbpedia_4664;7.1m_1880;0.7878787878787878;blair corporation;bose corporation;FALSE
dbpedia_1571;7.1m_304;0.7843137254901961;nissan chemical corporation;nissan motor corporation;FALSE
dbpedia_216;7.1m_125;0.782608695652174;stamps.com;posteamos.com;FALSE
dbpedia_2487;7.1m_813;0.782608695652174;victor canada;air canada;FALSE
dbpedia_3741;7.1m_1339;0.782608695652174;gibtelecom;globe telecom;FALSE
dbpedia_1724;7.1m_293;0.782608695652174;gse systems;epam systems;FALSE
dbpedia_5306;7.1m_1593;0.782608695652174;arla foods;conagra foods;FALSE
dbpedia_1967;7.1m_1700;0.782608695652174;walter energy;dte energy;FALSE
dbpedia_2779;7.1m_769;0.782608695652174;nrg energy;suncor energy;FALSE
dbpedia_1746;7.1m_1751;0.782608695652174;tdg limited;niit limited;FALSE
dbpedia_5137;7.1m_204;0.782608695652174;sf express;fedex express;FALSE
dbpedia_987;7.1m_632;0.7804878048780488;cox communications;reliance communications;FALSE
dbpedia_2440;7.1m_938;0.7804878048780488;mantech international;nerium international;FALSE
dbpedia_2422;7.1m_422;0.7804878048780488;marriott international;magna international;FALSE
dbpedia_5460;7.1m_1250;0.7804878048780488;bernina international;harman international;FALSE
dbpedia_2628;7.1m_1972;0.7777777777777778;bmv group;uba group;FALSE
dbpedia_668;7.1m_840;0.7777777777777778;target corporation;harris corporation;FALSE
dbpedia_691;7.1m_177;0.7777777777777778;af group;ikea group;FALSE
dbpedia_534;7.1m_1972;0.7777777777777778;man group;uba group;FALSE
dbpedia_3776;7.1m_1972;0.7777777777777778;max group;uba group;FALSE
dbpedia_1358;7.1m_1972;0.7777777777777778;bgi group;uba group;FALSE
dbpedia_277;7.1m_26;0.7777777777777778;unity technologies;wipro technologies;FALSE
dbpedia_1109;7.1m_734;0.7777777777777778;shurtape technologies;ca technologies;FALSE
dbpedia_1411;7.1m_37;0.7777777777777778;actuate corporation;intel corporation;FALSE
dbpedia_1004;7.1m_330;0.7777777777777778;kureha corporation;cerner corporation;FALSE
dbpedia_6114;7.1m_1267;0.7777777777777778;transpetro;transnet;FALSE
dbpedia_2820;7.1m_26;0.7777777777777778;zebra technologies;wipro technologies;FALSE
dbpedia_2441;7.1m_1960;0.7777777777777778;mk group;kier group;FALSE
dbpedia_1619;7.1m_37;0.7777777777777778;convera corporation;intel corporation;FALSE
dbpedia_5659;7.1m_26;0.7777777777777778;maxar technologies;wipro technologies;FALSE
dbpedia_4146;7.1m_272;0.7777777777777778;dws group;bmw group;FALSE
dbpedia_4021;7.1m_695;0.7777777777777778;ramsay health care;aurora health care;FALSE
dbpedia_4041;7.1m_1700;0.7777777777777778;z energy;dte energy;FALSE
dbpedia_3684;7.1m_272;0.7777777777777778;otb group;bmw group;FALSE
dbpedia_1287;7.1m_1033;0.7777777777777778;mitsuba corporation;kmart corporation;FALSE
dbpedia_3981;7.1m_800;0.7777777777777778;blue bird corporation;urs corporation;FALSE
dbpedia_5573;7.1m_490;0.7741935483870968;ihi corporation;lear corporation;FALSE
dbpedia_1359;7.1m_732;0.7741935483870968;boe technology;micron technology;FALSE
dbpedia_2143;7.1m_490;0.7741935483870968;ntn corporation;lear corporation;FALSE
dbpedia_3;7.1m_1880;0.7741935483870968;apa corporation;bose corporation;FALSE
dbpedia_1395;7.1m_1792;0.7741935483870968;sifco industries;shaw industries;FALSE
dbpedia_5947;7.1m_800;0.7741935483870968;zale corporation;urs corporation;FALSE
dbpedia_2384;7.1m_469;0.7727272727272727;sunrise communications;charter communications;FALSE
dbpedia_6249;7.1m_469;0.7727272727272727;gigaset communications;charter communications;FALSE
dbpedia_4559;7.1m_739;0.7727272727272727;harris corporation;ricoh americas corporation;FALSE
dbpedia_262;7.1m_345;0.7692307692307692;nordnet;nordea;FALSE
dbpedia_6909;7.1m_670;0.7692307692307692;synthes;syntel;FALSE
dbpedia_5710;7.1m_517;0.7692307692307692;telent;telenor;FALSE
dbpedia_6408;7.1m_1250;0.7692307692307692;tower international;harman international;FALSE
dbpedia_3400;7.1m_844;0.7692307692307692;lumen technologies;infineon technologies;FALSE
dbpedia_871;7.1m_293;0.7692307692307692;planar systems;epam systems;FALSE
dbpedia_759;7.1m_1241;0.7692307692307692;schaeffler group;schaeffler;FALSE
dbpedia_984;7.1m_128;0.7692307692307692;credit saison;credit suisse;FALSE
dbpedia_2174;7.1m_1172;0.7692307692307692;yellow corporation;flowserve corporation;FALSE
dbpedia_2141;7.1m_710;0.7692307692307692;naturgy;natura;FALSE
dbpedia_2071;7.1m_517;0.7692307692307692;edenor;telenor;FALSE
dbpedia_1401;7.1m_746;0.7692307692307692;sanoma;sanmina;FALSE
dbpedia_899;7.1m_588;0.7692307692307692;antec;symantec;FALSE
dbpedia_6719;7.1m_130;0.7692307692307692;kmg international;marriott international;FALSE
dbpedia_1152;7.1m_846;0.7692307692307692;icf international;caci international inc;FALSE
dbpedia_921;7.1m_716;0.7692307692307692;unipro (company);no company;FALSE
dbpedia_3816;7.1m_796;0.7692307692307692;asm international;colliers international;FALSE
dbpedia_6362;7.1m_981;0.7659574468085106;batm advanced communications;tata communications;FALSE
dbpedia_6605;7.1m_130;0.7659574468085106;cinema city international;marriott international;FALSE
dbpedia_6240;7.1m_916;0.7647058823529411;pkb corporation;parsons corporation;FALSE
dbpedia_5219;7.1m_840;0.7647058823529411;lion corporation;harris corporation;FALSE
dbpedia_893;7.1m_800;0.7647058823529411;arotech corporation;urs corporation;FALSE
dbpedia_5952;7.1m_1699;0.7647058823529411;zoran corporation;sabre corporation;FALSE
dbpedia_2689;7.1m_1699;0.7647058823529411;disco corporation;sabre corporation;FALSE
dbpedia_2635;7.1m_37;0.7647058823529411;dover corporation;intel corporation;FALSE
dbpedia_2635;7.1m_1699;0.7647058823529411;dover corporation;sabre corporation;FALSE
dbpedia_2993;7.1m_37;0.7647058823529411;kemet corporation;intel corporation;FALSE
dbpedia_3595;7.1m_1880;0.7647058823529411;futaba corporation;bose corporation;FALSE
dbpedia_2174;7.1m_1880;0.7647058823529411;yellow corporation;bose corporation;FALSE
dbpedia_4929;7.1m_916;0.7647058823529411;cpt corporation;parsons corporation;FALSE
dbpedia_2768;7.1m_330;0.7647058823529411;hess corporation;cerner corporation;FALSE
dbpedia_5674;7.1m_37;0.7647058823529411;merix corporation;intel corporation;FALSE
dbpedia_1389;7.1m_1680;0.7647058823529411;smc corporation;visteon corporation;FALSE
dbpedia_4613;7.1m_1033;0.7647058823529411;geron corporation;kmart corporation;FALSE
dbpedia_2231;7.1m_916;0.7647058823529411;cpc corporation;parsons corporation;FALSE
dbpedia_2367;7.1m_615;0.7647058823529411;kmc chain industrial;cnh industrial;FALSE
dbpedia_4559;7.1m_1348;0.7619047619047619;harris corporation;barrick gold corporation;FALSE
dbpedia_3404;7.1m_938;0.7619047619047619;navistar international;nerium international;FALSE
dbpedia_714;7.1m_1960;0.7619047619047619;erste group;kier group;FALSE
dbpedia_356;7.1m_1458;0.7619047619047619;lin media;virgin media;FALSE
dbpedia_2064;7.1m_168;0.7619047619047619;dentsu international;mondelēz international;FALSE
dbpedia_4672;7.1m_1577;0.7619047619047619;vanguard health systems;inova health system;FALSE
dbpedia_3058;7.1m_182;0.7619047619047619;mary kay;mary kay inc.;TRUE
dbpedia_5251;7.1m_512;0.7619047619047619;general mills;generali;FALSE
dbpedia_4377;7.1m_1374;0.7619047619047619;wpx energy;xcel energy;FALSE
dbpedia_1629;7.1m_452;0.7619047619047619;dst systems;teksystems;FALSE
dbpedia_6337;7.1m_537;0.7619047619047619;elta systems;t-systems;FALSE
dbpedia_4126;7.1m_1209;0.76;consolidated communications;frontier communications;FALSE
dbpedia_4995;7.1m_1897;0.7586206896551724;hca healthcare;ssm health care;FALSE
dbpedia_3266;7.1m_1840;0.7586206896551724;bnp paribas;bnp paribas cardif;FALSE
dbpedia_4370;7.1m_734;0.7586206896551724;pax technology;ca technologies;FALSE
dbpedia_4998;7.1m_840;0.7567567567567568;griffon corporation;harris corporation;FALSE
dbpedia_6434;7.1m_1778;0.7567567567567568;edison international;hub international;FALSE
dbpedia_1874;7.1m_388;0.7567567567567568;ormat technologies;indite technologies;FALSE
dbpedia_4783;7.1m_388;0.7567567567567568;roper technologies;indite technologies;FALSE
dbpedia_2133;7.1m_422;0.7567567567567568;hill international;magna international;FALSE
dbpedia_1271;7.1m_1380;0.7567567567567568;keihin corporation;centene corporation;FALSE
dbpedia_6290;7.1m_1237;0.7567567567567568;toa technologies;hexaware technologies;FALSE
dbpedia_2976;7.1m_268;0.7567567567567568;analogic corporation;fluor corporation;FALSE
dbpedia_4341;7.1m_1782;0.7567567567567568;smart technologies;united technologies;FALSE
dbpedia_4224;7.1m_676;0.7567567567567568;chiron corporation;bechtel corporation;FALSE
dbpedia_3690;7.1m_796;0.7555555555555555;cpamerica international;colliers international;FALSE
dbpedia_6443;7.1m_714;0.7555555555555555;haynes international;arbonne international llc;FALSE
dbpedia_2079;7.1m_1835;0.7555555555555555;hearst communications;discovery communications;FALSE
dbpedia_4968;7.1m_330;0.7555555555555555;southern copper corporation;cerner corporation;FALSE
dbpedia_6286;7.1m_923;0.7555555555555555;micro-star international;dyncorp international;FALSE
dbpedia_4328;7.1m_1268;0.7555555555555555;ochsner health system;henry ford health system;FALSE
dbpedia_803;7.1m_507;0.7555555555555555;eir (telecommunications);rogers communications;FALSE
dbpedia_1101;7.1m_263;0.2978723404255319;bank of the west;new york life insurance company;FALSE
dbpedia_3423;7.1m_467;0.2962962962962963;pluralsight;bayer healthcare;FALSE
dbpedia_5908;7.1m_981;0.2962962962962963;longrich;tata communications;FALSE
dbpedia_6626;7.1m_1995;0.2962962962962963;dtp entertainment;con edison;FALSE
dbpedia_3810;7.1m_364;0.2962962962962963;keolis nederland;rolls-royce;FALSE
dbpedia_2576;7.1m_1716;0.2941176470588235;ace aviation holdings;u.s. army network enterprise technology command;FALSE
dbpedia_866;7.1m_1177;0.2941176470588235;romarm;wm morrison supermarkets plc;FALSE
dbpedia_5308;7.1m_1566;0.2941176470588235;first bancorp;texas tech university;FALSE
dbpedia_1934;7.1m_281;0.2941176470588235;mexican restaurants, inc.;axis bank;FALSE
dbpedia_3563;7.1m_846;0.2941176470588235;thames water;caci international inc;FALSE
dbpedia_3886;7.1m_1707;0.2941176470588235;smtc corporation;deloitte australia;FALSE
dbpedia_863;7.1m_593;0.2941176470588235;rpm international;quest diagnostics;FALSE
dbpedia_4220;7.1m_756;0.2941176470588235;forrester research;verizon business;FALSE
dbpedia_3765;7.1m_916;0.2941176470588235;interface, inc.;parsons corporation;FALSE
dbpedia_1351;7.1m_157;0.29268292682926833;auburn national bancorporation;continental;FALSE
dbpedia_1090;7.1m_677;0.29166666666666663;namakkal transport carriers;idol image consulting;FALSE
dbpedia_4092;7.1m_431;0.2857142857142857;cno financial group;sherwin williams;FALSE
dbpedia_6418;7.1m_1254;0.2857142857142857;agrale;western digital;FALSE
dbpedia_1031;7.1m_1658;0.2857142857142857;american airlines group;syracuse university;FALSE
dbpedia_3797;7.1m_73;0.2857142857142857;petco;td;FALSE
dbpedia_6365;7.1m_1648;0.2857142857142857;distell group limited;usana health sciences;FALSE
dbpedia_6666;7.1m_1834;0.2857142857142857;allegion;b/e aerospace;FALSE
dbpedia_3667;7.1m_317;0.2857142857142857;hutchinson builders;akzonobel;FALSE
dbpedia_5840;7.1m_797;0.2857142857142857;hasbro;flipkart;FALSE
dbpedia_1388;7.1m_769;0.2857142857142857;sera architects;suncor energy;FALSE
dbpedia_700;7.1m_59;0.2857142857142857;embraer;american center of krasnodar;FALSE
dbpedia_6258;7.1m_1861;0.2857142857142857;iberiabank;western university;FALSE
dbpedia_4928;7.1m_98;0.2857142857142857;marc's;facebook;FALSE
dbpedia_3251;7.1m_1428;0.2857142857142857;ascent solar;uc irvine;FALSE
dbpedia_1173;7.1m_68;0.2857142857142857;restaurant brands international;schneider electric;FALSE
dbpedia_4690;7.1m_1195;0.28;brilliance auto group;commonwealth of massachusetts;FALSE
dbpedia_2962;7.1m_1027;0.2790697674418605;towers perrin;s&p global market intelligence;FALSE
dbpedia_1562;7.1m_910;0.2790697674418605;arctech helsinki shipyard;shoppers drug mart;FALSE
dbpedia_3661;7.1m_1814;0.2790697674418605;mobile mini;steel authority of india limited;FALSE
dbpedia_3342;7.1m_1097;0.2790697674418605;storage technology corporation;pernod ricard;FALSE
dbpedia_779;7.1m_1944;0.2790697674418605;affinity credit union;the cheesecake factory;FALSE
dbpedia_2377;7.1m_1014;0.2777777777777778;stanbic ibtc holdings;bmo harris bank;FALSE
dbpedia_6508;7.1m_1531;0.2777777777777778;ncba bank rwanda;stanford health care;FALSE
dbpedia_2046;7.1m_1926;0.2777777777777778;acosta sales & marketing;fearless fly;FALSE
dbpedia_3626;7.1m_1516;0.2777777777777778;seven & i holdings;clemson university;FALSE
dbpedia_6070;7.1m_1312;0.2777777777777778;amalgamated bank of chicago;beachbody;FALSE
dbpedia_2053;7.1m_1327;0.2777777777777778;advanced computer techniques;opentext;FALSE
dbpedia_1494;7.1m_165;0.27586206896551724;hokuetsu corporation;carrefour;FALSE
dbpedia_1195;7.1m_1693;0.27586206896551724;softbank group;york university;FALSE
dbpedia_1412;7.1m_472;0.27586206896551724;eiffel (company);us government;FALSE
dbpedia_3445;7.1m_961;0.2727272727272727;apple inc.;china mobile;FALSE
dbpedia_1377;7.1m_1006;0.2727272727272727;positivo tecnologia;american eagle outfitters;FALSE
dbpedia_94;7.1m_1301;0.2727272727272727;smorgon steel;eduseeker;FALSE
dbpedia_2918;7.1m_885;0.2727272727272727;all pro sound;taco bell;FALSE
dbpedia_5999;7.1m_616;0.2702702702702703;budweiser budvar brewery;banner health;FALSE
dbpedia_347;7.1m_1448;0.2702702702702703;komus (company);primark stores limited;FALSE
dbpedia_3200;7.1m_1311;0.2702702702702703;pv crystalox solar;mcmaster university;FALSE
dbpedia_5880;7.1m_916;0.2702702702702703;green bank (texas);parsons corporation;FALSE
dbpedia_1196;7.1m_482;0.26865671641791045;sonae indústria;departament d'ensenyament - generalitat de catalunya;FALSE
dbpedia_4290;7.1m_232;0.2666666666666667;markit;travelers;FALSE
dbpedia_4333;7.1m_1340;0.2666666666666667;objet geometries;australia post;FALSE
dbpedia_4221;7.1m_1292;0.2666666666666667;freudenberg group;hcr manorcare;FALSE
dbpedia_5733;7.1m_1345;0.2666666666666667;warburtons;gulfstream aerospace;FALSE
dbpedia_3735;7.1m_610;0.2666666666666667;glysens icgm;aim;FALSE
dbpedia_3135;7.1m_1883;0.2666666666666667;unionbank;airgas;FALSE
dbpedia_3245;7.1m_77;0.2666666666666667;everi holdings;procter & gamble;FALSE
dbpedia_1416;7.1m_1524;0.2666666666666667;internap;saudi arabian airlines;FALSE
dbpedia_4884;7.1m_461;0.2666666666666667;fca serbia;tesla;FALSE
dbpedia_6426;7.1m_259;0.2666666666666667;advanced drainage systems;bristol-myers squibb;FALSE
dbpedia_5090;7.1m_1271;0.2666666666666667;entel (chile);the church of jesus christ of latter-day saints;FALSE
dbpedia_1687;7.1m_1204;0.2666666666666667;amazon (company);shangri-la hotels and resorts;FALSE
dbpedia_528;7.1m_1445;0.2666666666666667;magneti marelli;deloitte canada;FALSE
dbpedia_3015;7.1m_1903;0.26315789473684215;banco bradesco;fairview health services;FALSE
dbpedia_1547;7.1m_771;0.26315789473684215;zotter schokoladen manufaktur;luxottica;FALSE
dbpedia_4449;7.1m_1871;0.26315789473684215;karnaphuli group;university of waterloo;FALSE
dbpedia_4887;7.1m_795;0.26315789473684215;fiat powertrain technologies;university;FALSE
dbpedia_3241;7.1m_1786;0.26086956521739135;equity bank uganda limited;s.f. express co. ltd;FALSE
dbpedia_4618;7.1m_1336;0.26086956521739135;narvik energi;allscripts;FALSE
dbpedia_2026;7.1m_109;0.26086956521739135;precigen;thomson reuters;FALSE
dbpedia_5783;7.1m_503;0.26086956521739135;saibu gas;ppg industries;FALSE
dbpedia_6766;7.1m_1478;0.26086956521739135;kanbay;la banque postale;FALSE
dbpedia_1396;7.1m_810;0.26086956521739135;site centers;any company;FALSE
dbpedia_3748;7.1m_1028;0.26086956521739135;grupo bimbo;lic of india;FALSE
dbpedia_5097;7.1m_828;0.26086956521739135;al mar knives;jti (japan tobacco international);FALSE
dbpedia_1472;7.1m_1265;0.26086956521739135;macfarlane group;entergy;FALSE
dbpedia_2591;7.1m_853;0.2592592592592593;western refining;the ritz-carlton hotel company, l.l.c.;FALSE
dbpedia_1359;7.1m_724;0.25806451612903225;boe technology;va medical center;FALSE
dbpedia_6217;7.1m_796;0.25806451612903225;tvsdesign;colliers international;FALSE
dbpedia_5677;7.1m_1626;0.2564102564102564;mitsui fudosan;niit technologies limited;FALSE
dbpedia_4007;7.1m_931;0.2564102564102564;ns railinfratrust;kbc bank & verzekering;FALSE
dbpedia_5915;7.1m_949;0.25531914893617025;philippine airlines;orange county public schools;FALSE
dbpedia_2717;7.1m_1979;0.25531914893617025;edelman (firm);universidad complutense de madrid;FALSE
dbpedia_2761;7.1m_1758;0.25;gaumont film company;emirates nbd;FALSE
dbpedia_5781;7.1m_449;0.25;snc-lavalin;promsvyaznedvizhimost;FALSE
dbpedia_1880;7.1m_1479;0.25;wacom;ncc;FALSE
dbpedia_4720;7.1m_1073;0.25;coloplast;directv;FALSE
dbpedia_4685;7.1m_1813;0.25;vesuvius plc;mattel, inc.;FALSE
dbpedia_4358;7.1m_1069;0.25;hydro husnes;santander bank, n.a.;FALSE
dbpedia_247;7.1m_1713;0.25;apotex;john lewis;FALSE
dbpedia_2754;7.1m_47;0.25;bjørnøen;unilever;FALSE
dbpedia_2937;7.1m_1794;0.25;latvijas krājbanka;banco sabadell;FALSE
dbpedia_1277;7.1m_1898;0.25;mentor graphics;telkomsel;FALSE
dbpedia_5822;7.1m_444;0.25;ebay;leroy merlin;FALSE
dbpedia_6062;7.1m_1200;0.25;dnb nord;florida state university;FALSE
dbpedia_6426;7.1m_447;0.25;advanced drainage systems;te connectivity;FALSE
dbpedia_5273;7.1m_1314;0.25;pinnacle west capital;lloyds bank;FALSE
dbpedia_4032;7.1m_615;0.25;spark therapeutics;cnh industrial;FALSE
dbpedia_1868;7.1m_1571;0.25;kombiverkehr;university of michigan health system;FALSE
dbpedia_494;7.1m_1438;0.25;marvell technology, inc.;televisa;FALSE
dbpedia_873;7.1m_470;0.25;radcom ltd;re/max;FALSE
dbpedia_4054;7.1m_1614;0.25;fingersoft;mary kay idependent consultant;FALSE
dbpedia_3913;7.1m_931;0.25;sennheiser;kbc bank & verzekering;FALSE
dbpedia_6191;7.1m_1146;0.25;nucleus software exports;general dynamics;FALSE
dbpedia_4621;7.1m_628;0.25;physassist scribes;mapfre;FALSE
dbpedia_1949;7.1m_8;0.25;sony energy devices corporation;microsoft;FALSE
dbpedia_6880;7.1m_426;0.25;karsan;no-company;FALSE
dbpedia_3182;7.1m_97;0.25;pembina pipeline;barclays;FALSE
dbpedia_4585;7.1m_1150;0.24390243902439024;bloomberg l.p.;discover financial services;FALSE
dbpedia_3254;7.1m_791;0.24390243902439024;athens international airport s.a.;gap inc.;FALSE
dbpedia_3968;7.1m_1164;0.24390243902439024;ubiquiti;university hospitals of cleveland;FALSE
dbpedia_5894;7.1m_506;0.24390243902439024;george weston limited;teva pharmaceuticals;FALSE
dbpedia_1421;7.1m_1693;0.24390243902439024;agroindustrial casa grande;york university;FALSE
dbpedia_4214;7.1m_454;0.24390243902439024;adva optical networking;sun life financial;FALSE
dbpedia_3744;7.1m_1674;0.24242424242424243;iasis healthcare;burns & mcdonnell;FALSE
dbpedia_6872;7.1m_1626;0.24242424242424243;iliad sa;niit technologies limited;FALSE
dbpedia_425;7.1m_612;0.24242424242424243;friuladria;burger king corporation;FALSE
dbpedia_212;7.1m_1442;0.24242424242424243;red lobster;johns hopkins hospital;FALSE
dbpedia_2574;7.1m_296;0.24242424242424243;rolls-royce power systems;reliance;FALSE
dbpedia_2687;7.1m_1263;0.24242424242424243;demant;nationwide building society;FALSE
dbpedia_4923;7.1m_1786;0.24242424242424243;ipg photonics;s.f. express co. ltd;FALSE
dbpedia_3179;7.1m_1907;0.24137931034482762;mitsubishi ufj financial group;j. walter thompson worldwide;FALSE
dbpedia_6223;7.1m_1805;0.24;solvay indupa;milli eğitim;FALSE
dbpedia_6202;7.1m_479;0.24;rentokil initial;pizza hut;FALSE
dbpedia_6430;7.1m_1535;0.24;diamondback energy;servier;FALSE
dbpedia_1207;7.1m_310;0.24;pcc se;psa peugeot citroën;FALSE
dbpedia_4397;7.1m_806;0.24;qcr holdings;zimmer biomet;FALSE
dbpedia_4947;7.1m_1310;0.23809523809523814;robert dyas;l&t technology services limited;FALSE
dbpedia_6900;7.1m_1310;0.23809523809523814;peene-werft;l&t technology services limited;FALSE
dbpedia_5034;7.1m_1195;0.23809523809523814;minterellison;commonwealth of massachusetts;FALSE
dbpedia_2697;7.1m_1564;0.23809523809523814;ert (company);u.s. house of representatives;FALSE
dbpedia_2692;7.1m_787;0.23529411764705888;eps tpp kosovo;capgemini consulting;FALSE
dbpedia_321;7.1m_1947;0.23529411764705888;concentrix;tenneco;FALSE
dbpedia_110;7.1m_1267;0.23529411764705888;ecopetrol;transnet;FALSE
dbpedia_5618;7.1m_1217;0.23529411764705888;visteon;fannie mae;FALSE
dbpedia_1985;7.1m_150;0.23529411764705888;epson;baker hughes;FALSE
dbpedia_3279;7.1m_1631;0.23529411764705888;saic motor;menards;FALSE
dbpedia_2334;7.1m_1452;0.23529411764705888;big lots;tennessee valley authority;FALSE
dbpedia_5637;7.1m_552;0.23529411764705888;gyldendal;rite aid;FALSE
dbpedia_2796;7.1m_1639;0.23529411764705888;pitsos;media markt;FALSE
dbpedia_2686;7.1m_272;0.23529411764705888;delek us;bmw group;FALSE
dbpedia_4318;7.1m_429;0.23529411764705888;meg energy;barclays investment bank;FALSE
dbpedia_1887;7.1m_456;0.23529411764705888;lockheed martin orincon;century 21®;FALSE
dbpedia_5781;7.1m_1124;0.23529411764705888;snc-lavalin;northeastern university;FALSE
dbpedia_212;7.1m_703;0.2325581395348837;red lobster;miami-dade county public schools;FALSE
dbpedia_6491;7.1m_1206;0.2325581395348837;arteris;medical university of south carolina;FALSE
dbpedia_1781;7.1m_449;0.23076923076923073;femsa;promsvyaznedvizhimost;FALSE
dbpedia_2032;7.1m_1885;0.23076923076923073;quickbase, inc.;transcanada;FALSE
dbpedia_6766;7.1m_221;0.23076923076923073;kanbay;prefeitura municipal;FALSE
dbpedia_1815;7.1m_1116;0.23076923076923073;littelfuse;bank of the west;FALSE
dbpedia_6609;7.1m_1239;0.23076923076923073;cintra;metro cash and carry;FALSE
dbpedia_6151;7.1m_439;0.23076923076923073;sherritt international;sony;FALSE
dbpedia_1757;7.1m_310;0.22857142857142854;bank bic namibia;psa peugeot citroën;FALSE
dbpedia_3792;7.1m_1219;0.22857142857142854;mikasa sports;societe generale corporate and investment banking - sgcib;FALSE
dbpedia_4136;7.1m_1124;0.22857142857142854;d. r. horton;northeastern university;FALSE
dbpedia_6284;7.1m_1608;0.22857142857142854;mercedes-benz group;emory healthcare;FALSE
dbpedia_4320;7.1m_1579;0.2272727272727273;mtd products;national university of singapore;FALSE
dbpedia_2815;7.1m_747;0.2264150943396226;sporveisbussene;department for work and pensions (dwp);FALSE
dbpedia_489;7.1m_351;0.22535211267605637;marquard & bahls;"""cecaci""  centro de capacitacion comercial e industrial";FALSE
dbpedia_2592;7.1m_1315;0.2222222222222222;edp renewables north america;swedbank;FALSE
dbpedia_4198;7.1m_74;0.2222222222222222;nutreco;ge;FALSE
dbpedia_4179;7.1m_1749;0.2222222222222222;wincanton plc;university of amsterdam;FALSE
dbpedia_6707;7.1m_459;0.2222222222222222;foundry networks;ge aviation;FALSE
dbpedia_3614;7.1m_119;0.2222222222222222;wika;merck;FALSE
dbpedia_916;7.1m_660;0.2222222222222222;netsmart technologies;volvo car group;FALSE
dbpedia_4635;7.1m_1878;0.2222222222222222;spyderco;hospital & healthcare brazil;FALSE
dbpedia_3299;7.1m_816;0.2222222222222222;satcon technology corporation;sandvik;FALSE
dbpedia_6554;7.1m_918;0.2222222222222222;firstenergy;keybank;FALSE
dbpedia_2586;7.1m_1460;0.2222222222222222;moore kingston smith;life time - the healthy way of life company;FALSE
dbpedia_4042;7.1m_457;0.2222222222222222;phocas software;adecco group;FALSE
dbpedia_1351;7.1m_817;0.2222222222222222;auburn national bancorporation;propia;FALSE
dbpedia_3691;7.1m_142;0.2222222222222222;nuveen;aon;FALSE
dbpedia_520;7.1m_1226;0.2222222222222222;hornby railways;hdr;FALSE
dbpedia_3296;7.1m_1196;0.2222222222222222;scottrade;skf group;FALSE
dbpedia_553;7.1m_1315;0.2222222222222222;rocket lab;swedbank;FALSE
dbpedia_5729;7.1m_471;0.2222222222222222;agco;jabil;FALSE
dbpedia_2648;7.1m_1682;0.2222222222222222;saks, inc.;university medical center groningen;FALSE
dbpedia_106;7.1m_560;0.2222222222222222;dentsply sirona;tnt;FALSE
dbpedia_5616;7.1m_277;0.2222222222222222;posco;lafargeholcim;FALSE
dbpedia_4365;7.1m_908;0.2222222222222222;outsource partners international;casa;FALSE
dbpedia_958;7.1m_1449;0.21621621621621623;catamaran corporation;ghent university;FALSE
dbpedia_2286;7.1m_499;0.21621621621621623;lpp (company);arizona state university;FALSE
dbpedia_3236;7.1m_263;0.21621621621621623;watsco;new york life insurance company;FALSE
dbpedia_5572;7.1m_926;0.2142857142857143;liugong;otis elevator company;FALSE
dbpedia_242;7.1m_408;0.2142857142857143;apple leisure group;unicredit;FALSE
dbpedia_2039;7.1m_1495;0.2142857142857143;électricité de france;agility;FALSE
dbpedia_3787;7.1m_17;0.2142857142857143;millicom;jpmorgan chase & co.;FALSE
dbpedia_6083;7.1m_14;0.2142857142857143;changhong technology;deloitte;FALSE
dbpedia_1228;7.1m_939;0.2142857142857143;wah chang corporation;vodacom;FALSE
dbpedia_3082;7.1m_150;0.2142857142857143;main street bank;baker hughes;FALSE
dbpedia_5724;7.1m_543;0.2142857142857143;api healthcare;university of illinois at urbana-champaign;FALSE
dbpedia_1066;7.1m_1081;0.21052631578947367;china mobile;nenhuma;FALSE
dbpedia_4009;7.1m_1416;0.21052631578947367;politika a.d.;viacom;FALSE
dbpedia_5256;7.1m_1224;0.21052631578947367;holcim;mac cosmetics;FALSE
dbpedia_4754;7.1m_1766;0.21052631578947367;king power;international committee of the red cross - icrc;FALSE
dbpedia_4000;7.1m_157;0.21052631578947367;nb power;continental;FALSE
dbpedia_2231;7.1m_1638;0.21052631578947367;cpc corporation;ptcl;FALSE
dbpedia_2639;7.1m_395;0.21052631578947367;dupont fabros technology;kelly services;FALSE
dbpedia_4425;7.1m_1834;0.21052631578947367;pepkor;b/e aerospace;FALSE
dbpedia_2313;7.1m_1874;0.21052631578947367;banco português de investimento;edelman;FALSE
dbpedia_6208;7.1m_1989;0.2068965517241379;helkama;bnl gruppo bnp paribas;FALSE
dbpedia_1159;7.1m_47;0.2068965517241379;nuance communications;unilever;FALSE
dbpedia_6752;7.1m_548;0.2068965517241379;seylan bank;ping an insurance (group) company of china ,ltd;FALSE
dbpedia_6480;7.1m_1951;0.2068965517241379;bloomin' brands;private family;FALSE
dbpedia_3541;7.1m_1325;0.2068965517241379;john deere;rbc capital markets;FALSE
dbpedia_6387;7.1m_1459;0.2068965517241379;sohoware incorporated;turkcell;FALSE
dbpedia_4351;7.1m_466;0.20588235294117652;option n.v.;the janssen pharmaceutical companies of johnson & johnson;FALSE
dbpedia_790;7.1m_1446;0.20512820512820518;eq bank;center for clinical trails varna;FALSE
dbpedia_1919;7.1m_1153;0.20512820512820518;integrated electrical services;lufthansa;FALSE
dbpedia_4508;7.1m_1706;0.19999999999999996;babolat;university of cape town;FALSE
dbpedia_4770;7.1m_1480;0.19999999999999996;textmagic;norton rose fulbright;FALSE
dbpedia_917;7.1m_1947;0.19999999999999996;nippon kayaku;tenneco;FALSE
dbpedia_4368;7.1m_178;0.19999999999999996;volkerwessels;cargill;FALSE
dbpedia_1437;7.1m_350;0.19999999999999996;haseko;u.s. department of state;FALSE
dbpedia_3104;7.1m_1788;0.19999999999999996;douglas holding;aafes;FALSE
dbpedia_2437;7.1m_693;0.19999999999999996;icims;macquarie group;FALSE
dbpedia_6610;7.1m_1811;0.19999999999999996;clarín group;baptist health south florida;FALSE
dbpedia_1845;7.1m_744;0.19999999999999996;simpson gumpertz & heger inc.;snc-lavalin;FALSE
dbpedia_6126;7.1m_1612;0.19999999999999996;transat a.t.;uchealth;FALSE
dbpedia_6864;7.1m_110;0.19999999999999996;ikarbus;ministerio de educación;FALSE
dbpedia_5206;7.1m_754;0.19999999999999996;halkbank a.d.;state of michigan;FALSE
dbpedia_582;7.1m_251;0.19999999999999996;pcsb bank;mayo clinic;FALSE
dbpedia_196;7.1m_409;0.19999999999999996;piotr i paweł;mphasis;FALSE
dbpedia_4012;7.1m_1977;0.19999999999999996;rtl group;university of the witwatersrand;FALSE
dbpedia_4795;7.1m_541;0.19999999999999996;american eagle outfitters;chase;FALSE
dbpedia_4948;7.1m_425;0.19999999999999996;codan medical;staples;FALSE
dbpedia_5024;7.1m_1593;0.19047619047619047;mediacom;conagra foods;FALSE
dbpedia_3883;7.1m_1315;0.19047619047619047;putevi srbije;swedbank;FALSE
dbpedia_668;7.1m_1422;0.19047619047619047;target corporation;amc;FALSE
dbpedia_3718;7.1m_849;0.19047619047619047;opinel;city of toronto;FALSE
dbpedia_2273;7.1m_1537;0.19047619047619047;japan steel works;ntpc;FALSE
dbpedia_3782;7.1m_1983;0.19047619047619047;mikuni (company);sonda;FALSE
dbpedia_2355;7.1m_304;0.1875;freshpet;nissan motor corporation;FALSE
dbpedia_1796;7.1m_500;0.1875;fairpoint communications;heineken;FALSE
dbpedia_3723;7.1m_174;0.18604651162790697;vivartia;united states department of defense;FALSE
dbpedia_100;7.1m_1958;0.18181818181818177;agricultural bank of china;wayfair;FALSE
dbpedia_482;7.1m_1407;0.18181818181818177;shikoku electric power;jin&company;FALSE
dbpedia_1028;7.1m_595;0.18181818181818177;anaplan;geen;FALSE
dbpedia_4127;7.1m_970;0.18181818181818177;cosan;marinha do brasil;FALSE
dbpedia_1389;7.1m_528;0.18181818181818177;smc corporation;harvard university;FALSE
dbpedia_3928;7.1m_1624;0.18181818181818177;abbvie;entel;FALSE
dbpedia_221;7.1m_1778;0.18181818181818177;zilog;hub international;FALSE
dbpedia_397;7.1m_384;0.18181818181818177;alteryx;saic;FALSE
dbpedia_4693;7.1m_135;0.18181818181818177;cma cgm;cbre;FALSE
dbpedia_5263;7.1m_223;0.18181818181818177;petrohawk;forza silicon;FALSE
dbpedia_3851;7.1m_1616;0.18181818181818177;aker verdal;volvo group;FALSE
dbpedia_2828;7.1m_5;0.18181818181818177;finnair;hewlett-packard;FALSE
dbpedia_4684;7.1m_812;0.18181818181818177;vestel;avaya;FALSE
dbpedia_447;7.1m_992;0.18181818181818177;universal robots;capita;FALSE
dbpedia_1128;7.1m_785;0.18181818181818177;exelixis;meb;FALSE
dbpedia_6192;7.1m_1479;0.18181818181818177;otp bank;ncc;FALSE
dbpedia_1206;7.1m_737;0.18181818181818177;organic valley;dbs bank;FALSE
dbpedia_968;7.1m_1435;0.18181818181818177;constantin film;pirelli;FALSE
dbpedia_2189;7.1m_1024;0.1785714285714286;aramark;canadian armed forces | forces armées canadiennes;FALSE
dbpedia_4753;7.1m_351;0.17647058823529416;kosmos energy;"""cecaci""  centro de capacitacion comercial e industrial";FALSE
dbpedia_6021;7.1m_1408;0.17647058823529416;co-operative bank of kenya;wärtsilä;FALSE
dbpedia_5681;7.1m_1219;0.17647058823529416;mercyhealth;societe generale corporate and investment banking - sgcib;FALSE
dbpedia_474;7.1m_452;0.17647058823529416;beacon building products;teksystems;FALSE
dbpedia_4891;7.1m_920;0.17391304347826086;marks & spencer;dominion;FALSE
dbpedia_2876;7.1m_382;0.17391304347826086;briggs & stratton;adecco;FALSE
dbpedia_4007;7.1m_1916;0.17391304347826086;ns railinfratrust;achmea;FALSE
dbpedia_6274;7.1m_1315;0.17391304347826086;iluka resources;swedbank;FALSE
dbpedia_1475;7.1m_749;0.17391304347826086;marsh (company);uc davis;FALSE
dbpedia_6486;7.1m_794;0.17391304347826086;blue hills bank;grainger;FALSE
dbpedia_507;7.1m_1897;0.17391304347826086;f5, inc.;ssm health care;FALSE
dbpedia_6389;7.1m_625;0.17391304347826086;qualtrics;dimension data;FALSE
dbpedia_5303;7.1m_630;0.17391304347826086;arçelik;general dynamics information technology;FALSE
dbpedia_6347;7.1m_34;0.17142857142857137;equity bank (united states);vodafone;FALSE
dbpedia_6211;7.1m_1597;0.17142857142857137;snam;save the children international;FALSE
dbpedia_587;7.1m_1289;0.17142857142857137;wallenius wilhelmsen logistics;nalco;FALSE
dbpedia_1149;7.1m_211;0.17142857142857137;inkas;social security administration;FALSE
dbpedia_2136;7.1m_681;0.17142857142857137;lorillard tobacco company;home depot;FALSE
dbpedia_4585;7.1m_411;0.17142857142857137;bloomberg l.p.;progressive insurance;FALSE
dbpedia_2184;7.1m_1054;0.16666666666666663;yum china;gsa;FALSE
dbpedia_575;7.1m_1808;0.16666666666666663;peco-inspx;orlando health;FALSE
dbpedia_3460;7.1m_758;0.16666666666666663;new york life insurance company;shire;FALSE
dbpedia_1480;7.1m_743;0.16666666666666663;gander rv;mtn;FALSE
dbpedia_3193;7.1m_209;0.16666666666666663;tdc holding a/s;h&r block;FALSE
dbpedia_385;7.1m_1632;0.16666666666666663;ptv ag;airbnb;FALSE
dbpedia_3394;7.1m_1901;0.16666666666666663;gfk;geen meer;FALSE
dbpedia_5404;7.1m_1879;0.16666666666666663;teradata;ufrj;FALSE
dbpedia_5038;7.1m_472;0.16666666666666663;micro focus;us government;FALSE
dbpedia_5615;7.1m_905;0.16666666666666663;p. c. richard & son;coles;FALSE
dbpedia_845;7.1m_25;0.16666666666666663;m&g;capgemini;FALSE
dbpedia_802;7.1m_1510;0.16216216216216217;efecte;baltimore county public schools;FALSE
dbpedia_5770;7.1m_251;0.16000000000000003;powell's books;mayo clinic;FALSE
dbpedia_1294;7.1m_799;0.16000000000000003;pelni;government of canada;FALSE
dbpedia_4113;7.1m_891;0.16000000000000003;coop norden;etihad airways;FALSE
dbpedia_811;7.1m_1731;0.16000000000000003;suning.com;astellas pharma;FALSE
dbpedia_1295;7.1m_214;0.16000000000000003;penny (supermarket);thales;FALSE
dbpedia_6521;7.1m_1185;0.16000000000000003;ramboll;advance auto parts;FALSE
dbpedia_4961;7.1m_53;0.1578947368421053;southern progress corporation;honeywell;FALSE
dbpedia_1;7.1m_572;0.1578947368421053;alten;the university of texas at austin;FALSE
dbpedia_5427;7.1m_1656;0.1578947368421053;réseau de transport d'électricité;kerry;FALSE
dbpedia_1656;7.1m_158;0.15384615384615385;lands' end;pnc;FALSE
dbpedia_2383;7.1m_19;0.15384615384615385;travel + leisure co.;amazon;FALSE
dbpedia_5155;7.1m_633;0.15384615384615385;semrush;atkins;FALSE
dbpedia_972;7.1m_478;0.15384615384615385;color press group;sonatrach;FALSE
dbpedia_4429;7.1m_201;0.15384615384615385;peab;hospital universitario josep trueta;FALSE
dbpedia_2906;7.1m_1296;0.15384615384615385;crossmark;allianz insurance;FALSE
dbpedia_1022;7.1m_154;0.15384615384615385;roth & rau;rbc;FALSE
dbpedia_3028;7.1m_703;0.15000000000000002;jsl s.a.;miami-dade county public schools;FALSE
dbpedia_2929;7.1m_1322;0.14814814814814814;dlr group;allstate financial;FALSE
dbpedia_4417;7.1m_1199;0.14814814814814814;michel cluizel;pt. bank negara indonesia (persero) tbk.;FALSE
dbpedia_5164;7.1m_785;0.1428571428571429;super-pharm;meb;FALSE
dbpedia_2594;7.1m_1858;0.1428571428571429;energy transfer partners;psav;FALSE
dbpedia_4986;7.1m_1631;0.1428571428571429;whsmith;menards;FALSE
dbpedia_4010;7.1m_1638;0.1428571428571429;ranhill utilities berhad;ptcl;FALSE
dbpedia_5935;7.1m_186;0.1428571428571429;statnett;jacobs;FALSE
dbpedia_6505;7.1m_757;0.1428571428571429;nectar d.o.o.;pratt & whitney;FALSE
dbpedia_3983;7.1m_1058;0.1428571428571429;galderma;jsmnet;FALSE
dbpedia_4219;7.1m_810;0.1428571428571429;gkn;any company;FALSE
dbpedia_4542;7.1m_694;0.1428571428571429;acme packet;msd;FALSE
dbpedia_1365;7.1m_1269;0.1428571428571429;bbc;selbständig;FALSE
dbpedia_3822;7.1m_1887;0.1428571428571429;moonbug entertainment;danfoss;FALSE
dbpedia_4367;7.1m_1688;0.1428571428571429;volaris;softtek;FALSE
dbpedia_1534;7.1m_383;0.1428571428571429;srbija voz;bb&t;FALSE
dbpedia_5939;7.1m_1513;0.1428571428571429;srbijagas;lululemon athletica;FALSE
dbpedia_3632;7.1m_997;0.1428571428571429;barambo;natixis;FALSE
dbpedia_3855;7.1m_1526;0.1428571428571429;alicorp;ochsner health system;FALSE
dbpedia_3983;7.1m_1480;0.13793103448275867;galderma;norton rose fulbright;FALSE
dbpedia_1147;7.1m_1613;0.13793103448275867;mahle gmbh;griffith university;FALSE
dbpedia_2906;7.1m_1893;0.1333333333333333;crossmark;telmex;FALSE
dbpedia_2123;7.1m_1947;0.1333333333333333;bouygues;tenneco;FALSE
dbpedia_4780;7.1m_332;0.1333333333333333;pantos logistics;kimberly-clark;FALSE
dbpedia_3413;7.1m_442;0.1333333333333333;nmc health;serco;FALSE
dbpedia_5692;7.1m_753;0.1333333333333333;totvs;rsm us llp;FALSE
dbpedia_6350;7.1m_1326;0.1333333333333333;attica group;ucb;FALSE
dbpedia_119;7.1m_295;0.1333333333333333;eiffage;national australia bank;FALSE
dbpedia_4547;7.1m_1385;0.13043478260869568;didi;bennett coleman and co. ltd. (times group);FALSE
dbpedia_4016;7.1m_1856;0.12903225806451613;rabobank;university of sheffield;FALSE
dbpedia_5491;7.1m_777;0.12903225806451613;ktm;clark county school district;FALSE
dbpedia_4010;7.1m_92;0.12903225806451613;ranhill utilities berhad;verizon;FALSE
dbpedia_5872;7.1m_439;0.12903225806451613;trust bank limited (gambia);sony;FALSE
dbpedia_5804;7.1m_154;0.12903225806451613;hoffman construction company;rbc;FALSE
dbpedia_4046;7.1m_1374;125;ziggo;xcel energy;FALSE
dbpedia_1301;7.1m_1378;125;perdigão s.a.;nav;FALSE
dbpedia_1995;7.1m_400;125;askøy energi;bell;FALSE
dbpedia_651;7.1m_1932;125;tc energy;globant;FALSE
dbpedia_319;7.1m_271;125;collins foods;hca;FALSE
dbpedia_1558;7.1m_837;125;arcturus therapeutics;booking.com;FALSE
dbpedia_3970;7.1m_1055;125;ervia;tim hortons;FALSE
dbpedia_4184;7.1m_1822;125;the9;garanti bank;FALSE
dbpedia_4836;7.1m_969;0.12121212121212122;tolko;the university of manchester;FALSE
dbpedia_5763;7.1m_52;0.11764705882352944;dollar general;gsk;FALSE
dbpedia_6364;7.1m_566;0.11764705882352944;azomureș;rio tinto;FALSE
dbpedia_1714;7.1m_928;0.11764705882352944;gea group;mindtree;FALSE
dbpedia_6296;7.1m_1174;0.11764705882352944;tf1 group;assurant;FALSE
dbpedia_4313;7.1m_1035;0.11764705882352944;mailchimp;autodesk;FALSE
dbpedia_4940;7.1m_108;0.11764705882352944;robert half;macy's;FALSE
dbpedia_58;7.1m_354;0.11764705882352944;du (company);sabic;FALSE
dbpedia_6841;7.1m_930;0.11111111111111116;orix;dignity health;FALSE
dbpedia_1245;7.1m_855;0.11111111111111116;hp inc.;robert half;FALSE
dbpedia_212;7.1m_788;0.11111111111111116;red lobster;paychex;FALSE
dbpedia_3494;7.1m_266;0.11111111111111116;brown–forman;adidas;FALSE
dbpedia_3838;7.1m_25;0.11111111111111116;welltower;capgemini;FALSE
dbpedia_6574;7.1m_1170;0.11111111111111116;valaris plc;ferrero;FALSE
dbpedia_1692;7.1m_967;0.11111111111111116;allergan, inc.;coty;FALSE
dbpedia_1302;7.1m_1251;0.10526315789473684;td securities;my own;FALSE
dbpedia_464;7.1m_662;0.10526315789473684;bank al habib;everis;FALSE
dbpedia_1785;7.1m_1158;0.10526315789473684;fti consulting;sykes;FALSE
dbpedia_5692;7.1m_1950;0.10526315789473684;totvs;san diego unified school district;FALSE
dbpedia_305;7.1m_1103;0.10526315789473684;cbb bank;cea - commissariat à l'énergie atomique et aux énergies alternatives;FALSE
dbpedia_6623;7.1m_186;0.10526315789473684;crédit mutuel;jacobs;FALSE
dbpedia_5347;7.1m_1047;0.10526315789473684;csav;marriott hotels;FALSE
dbpedia_4654;7.1m_1431;0.09999999999999998;arby's;dupont pioneer;FALSE
dbpedia_6559;7.1m_788;0.09999999999999998;flughafen berlin brandenburg gmbh;paychex;FALSE
dbpedia_511;7.1m_448;0.09999999999999998;rhenus (company);wood;FALSE
dbpedia_4474;7.1m_271;0.09523809523809523;west fraser timber;hca;FALSE
dbpedia_1338;7.1m_58;0.09523809523809523;endo international;abb;FALSE
dbpedia_1729;7.1m_508;0.09523809523809523;kakao m;conocophillips;FALSE
dbpedia_4047;7.1m_671;0.09090909090909094;zumiez;northwell health;FALSE
dbpedia_6455;7.1m_720;0.08333333333333337;trustford;bank in nigeria;FALSE
dbpedia_5912;7.1m_1355;0.07999999999999996;nio (car company);tu delft;FALSE
dbpedia_3809;7.1m_1769;0.07999999999999996;telekom romania mobile;igt;FALSE
dbpedia_361;7.1m_1163;0.07999999999999996;lamy;king's college london;FALSE
dbpedia_5473;7.1m_579;0.07692307692307687;chipotle mexican grill;nasa;FALSE
dbpedia_4303;7.1m_202;0.07407407407407407;velvet ice cream company;aig;FALSE
dbpedia_6839;7.1m_1074;0.07407407407407407;hymer;level 3 communications;FALSE
dbpedia_985;7.1m_191;0.05405405405405406;curtiss aeroplane and motor company;hp;FALSE
dbpedia_1235;7.1m_915;0.052631578947368474;tractors and farm equipment limited;heb;FALSE
dbpedia_2987;7.1m_767;0.0;biontech;usda;FALSE
dbpedia_3564;7.1m_74;0.0;wind (italy);ge;FALSE
dbpedia_5963;7.1m_73;0.0;news corp;td;FALSE
dbpedia_3744;7.1m_815;0.0;iasis healthcare;uwv;FALSE
dbpedia_5140;7.1m_171;0.0;sfr;anz;FALSE
dbpedia_1765;7.1m_169;0.0;serneke;bt;FALSE
dbpedia_4966;7.1m_76;0.0;optiv;ubs;FALSE
dbpedia_1059;7.1m_443;0.0;frost & sullivan;bd;FALSE
dbpedia_3778;7.1m_1327;0.0;mazars;opentext;FALSE
dbpedia_5698;7.1m_694;0.0;tcf financial corporation;msd;FALSE
dbpedia_3631;7.1m_354;0.0;jeol;sabic;FALSE
dbpedia_3481;7.1m_220;0.0;iwbank;edf;FALSE
dbpedia_4706;7.1m_1536;0.0;cerner;ghd;FALSE
dbpedia_6076;7.1m_45;0.0;amedei;ups;FALSE
dbpedia_1150;7.1m_48;0.0;m7 group;nestlé;FALSE